day,hour,day_type,vehicles,load_kw,timestamp
0,0,weekday,0,5.17,2025-01-01 00:00:00
0,1,weekday,3,14.76,2025-01-01 01:00:00
0,2,weekday,0,4.46,2025-01-01 02:00:00
0,3,weekday,3,15.0,2025-01-01 03:00:00
0,4,weekday,0,6.96,2025-01-01 04:00:00
0,5,weekday,0,8.46,2025-01-01 05:00:00
0,6,weekday,10,44.83,2025-01-01 06:00:00
0,7,weekday,11,67.11,2025-01-01 07:00:00
0,8,weekday,20,89.95,2025-01-01 08:00:00
0,9,weekday,20,102.78,2025-01-01 09:00:00
0,10,weekday,16,75.48,2025-01-01 10:00:00
0,11,weekday,15,95.3,2025-01-01 11:00:00
0,12,weekday,14,59.87,2025-01-01 12:00:00
0,13,weekday,13,58.32,2025-01-01 13:00:00
0,14,weekday,13,46.75,2025-01-01 14:00:00
0,15,weekday,16,81.15,2025-01-01 15:00:00
0,16,weekday,20,89.41,2025-01-01 16:00:00
0,17,weekday,21,106.89,2025-01-01 17:00:00
0,18,weekday,23,129.25,2025-01-01 18:00:00
0,19,weekday,19,107.13,2025-01-01 19:00:00
0,20,weekday,12,69.28,2025-01-01 20:00:00
0,21,weekday,9,47.23,2025-01-01 21:00:00
0,22,weekday,9,30.96,2025-01-01 22:00:00
0,23,weekday,1,8.21,2025-01-01 23:00:00
1,0,weekday,0,5.89,2025-01-02 00:00:00
1,1,weekday,0,5.43,2025-01-02 01:00:00
1,2,weekday,3,16.2,2025-01-02 02:00:00
1,3,weekday,2,15.83,2025-01-02 03:00:00
1,4,weekday,0,7.24,2025-01-02 04:00:00
1,5,weekday,0,8.15,2025-01-02 05:00:00
1,6,weekday,5,20.88,2025-01-02 06:00:00
1,7,weekday,11,55.48,2025-01-02 07:00:00
1,8,weekday,19,129.59,2025-01-02 08:00:00
1,9,weekday,21,113.26,2025-01-02 09:00:00
1,10,weekday,12,66.85,2025-01-02 10:00:00
1,11,weekday,18,83.07,2025-01-02 11:00:00
1,12,weekday,14,66.04,2025-01-02 12:00:00
1,13,weekday,17,71.56,2025-01-02 13:00:00
1,14,weekday,18,75.22,2025-01-02 14:00:00
1,15,weekday,20,74.51,2025-01-02 15:00:00
1,16,weekday,18,60.91,2025-01-02 16:00:00
1,17,weekday,22,108.59,2025-01-02 17:00:00
1,18,weekday,22,113.83,2025-01-02 18:00:00
1,19,weekday,20,92.57,2025-01-02 19:00:00
1,20,weekday,15,68.8,2025-01-02 20:00:00
1,21,weekday,8,40.7,2025-01-02 21:00:00
1,22,weekday,0,3.72,2025-01-02 22:00:00
1,23,weekday,1,8.12,2025-01-02 23:00:00
2,0,weekend,1,8.94,2025-01-03 00:00:00
2,1,weekend,0,6.69,2025-01-03 01:00:00
2,2,weekend,2,11.76,2025-01-03 02:00:00
2,3,weekend,0,8.21,2025-01-03 03:00:00
2,4,weekend,2,13.58,2025-01-03 04:00:00
2,5,weekend,1,9.97,2025-01-03 05:00:00
2,6,weekend,5,28.79,2025-01-03 06:00:00
2,7,weekend,8,57.29,2025-01-03 07:00:00
2,8,weekend,10,50.82,2025-01-03 08:00:00
2,9,weekend,22,115.56,2025-01-03 09:00:00
2,10,weekend,26,136.37,2025-01-03 10:00:00
2,11,weekend,33,150.03,2025-01-03 11:00:00
2,12,weekend,32,145.04,2025-01-03 12:00:00
2,13,weekend,35,192.57,2025-01-03 13:00:00
2,14,weekend,37,167.26,2025-01-03 14:00:00
2,15,weekend,38,196.35,2025-01-03 15:00:00
2,16,weekend,34,179.21,2025-01-03 16:00:00
2,17,weekend,30,160.56,2025-01-03 17:00:00
2,18,weekend,24,152.86,2025-01-03 18:00:00
2,19,weekend,16,101.37,2025-01-03 19:00:00
2,20,weekend,9,41.39,2025-01-03 20:00:00
2,21,weekend,1,6.4,2025-01-03 21:00:00
2,22,weekend,1,5.37,2025-01-03 22:00:00
2,23,weekend,1,7.67,2025-01-03 23:00:00
3,0,weekday,0,5.04,2025-01-04 00:00:00
3,1,weekday,0,6.25,2025-01-04 01:00:00
3,2,weekday,0,6.54,2025-01-04 02:00:00
3,3,weekday,0,7.66,2025-01-04 03:00:00
3,4,weekday,0,6.99,2025-01-04 04:00:00
3,5,weekday,3,17.44,2025-01-04 05:00:00
3,6,weekday,6,26.16,2025-01-04 06:00:00
3,7,weekday,12,60.47,2025-01-04 07:00:00
3,8,weekday,23,107.21,2025-01-04 08:00:00
3,9,weekday,22,152.62,2025-01-04 09:00:00
3,10,weekday,13,79.47,2025-01-04 10:00:00
3,11,weekday,11,58.68,2025-01-04 11:00:00
3,12,weekday,12,33.7,2025-01-04 12:00:00
3,13,weekday,14,52.53,2025-01-04 13:00:00
3,14,weekday,19,69.89,2025-01-04 14:00:00
3,15,weekday,16,64.68,2025-01-04 15:00:00
3,16,weekday,20,76.29,2025-01-04 16:00:00
3,17,weekday,23,110.37,2025-01-04 17:00:00
3,18,weekday,24,119.91,2025-01-04 18:00:00
3,19,weekday,22,107.33,2025-01-04 19:00:00
3,20,weekday,18,76.92,2025-01-04 20:00:00
3,21,weekday,8,34.48,2025-01-04 21:00:00
3,22,weekday,2,9.48,2025-01-04 22:00:00
3,23,weekday,2,10.49,2025-01-04 23:00:00
4,0,weekend,1,8.02,2025-01-05 00:00:00
4,1,weekend,2,11.99,2025-01-05 01:00:00
4,2,weekend,0,5.98,2025-01-05 02:00:00
4,3,weekend,3,18.02,2025-01-05 03:00:00
4,4,weekend,0,7.61,2025-01-05 04:00:00
4,5,weekend,3,19.97,2025-01-05 05:00:00
4,6,weekend,3,18.64,2025-01-05 06:00:00
4,7,weekend,6,47.92,2025-01-05 07:00:00
4,8,weekend,9,58.36,2025-01-05 08:00:00
4,9,weekend,17,105.16,2025-01-05 09:00:00
4,10,weekend,25,98.45,2025-01-05 10:00:00
4,11,weekend,35,163.36,2025-01-05 11:00:00
4,12,weekend,35,159.87,2025-01-05 12:00:00
4,13,weekend,36,179.48,2025-01-05 13:00:00
4,14,weekend,39,147.97,2025-01-05 14:00:00
4,15,weekend,40,169.18,2025-01-05 15:00:00
4,16,weekend,36,140.97,2025-01-05 16:00:00
4,17,weekend,31,188.85,2025-01-05 17:00:00
4,18,weekend,25,105.7,2025-01-05 18:00:00
4,19,weekend,14,74.03,2025-01-05 19:00:00
4,20,weekend,9,53.84,2025-01-05 20:00:00
4,21,weekend,4,23.98,2025-01-05 21:00:00
4,22,weekend,0,4.0,2025-01-05 22:00:00
4,23,weekend,4,20.21,2025-01-05 23:00:00
5,0,weekend,0,3.73,2025-01-06 00:00:00
5,1,weekend,0,5.88,2025-01-06 01:00:00
5,2,weekend,1,11.77,2025-01-06 02:00:00
5,3,weekend,0,7.54,2025-01-06 03:00:00
5,4,weekend,0,8.67,2025-01-06 04:00:00
5,5,weekend,0,9.18,2025-01-06 05:00:00
5,6,weekend,3,15.86,2025-01-06 06:00:00
5,7,weekend,6,38.12,2025-01-06 07:00:00
5,8,weekend,12,61.54,2025-01-06 08:00:00
5,9,weekend,19,109.4,2025-01-06 09:00:00
5,10,weekend,28,109.25,2025-01-06 10:00:00
5,11,weekend,34,138.83,2025-01-06 11:00:00
5,12,weekend,37,184.81,2025-01-06 12:00:00
5,13,weekend,35,213.64,2025-01-06 13:00:00
5,14,weekend,36,179.87,2025-01-06 14:00:00
5,15,weekend,40,170.33,2025-01-06 15:00:00
5,16,weekend,38,118.93,2025-01-06 16:00:00
5,17,weekend,27,145.75,2025-01-06 17:00:00
5,18,weekend,27,164.73,2025-01-06 18:00:00
5,19,weekend,13,57.86,2025-01-06 19:00:00
5,20,weekend,9,35.55,2025-01-06 20:00:00
5,21,weekend,4,19.29,2025-01-06 21:00:00
5,22,weekend,2,9.32,2025-01-06 22:00:00
5,23,weekend,0,4.71,2025-01-06 23:00:00
6,0,weekend,0,4.51,2025-01-07 00:00:00
6,1,weekend,0,5.64,2025-01-07 01:00:00
6,2,weekend,1,9.2,2025-01-07 02:00:00
6,3,weekend,1,12.33,2025-01-07 03:00:00
6,4,weekend,2,12.97,2025-01-07 04:00:00
6,5,weekend,2,12.42,2025-01-07 05:00:00
6,6,weekend,8,32.6,2025-01-07 06:00:00
6,7,weekend,3,21.08,2025-01-07 07:00:00
6,8,weekend,13,68.58,2025-01-07 08:00:00
6,9,weekend,20,84.14,2025-01-07 09:00:00
6,10,weekend,25,119.71,2025-01-07 10:00:00
6,11,weekend,31,114.69,2025-01-07 11:00:00
6,12,weekend,32,139.02,2025-01-07 12:00:00
6,13,weekend,37,186.88,2025-01-07 13:00:00
6,14,weekend,35,193.33,2025-01-07 14:00:00
6,15,weekend,39,191.17,2025-01-07 15:00:00
6,16,weekend,35,164.87,2025-01-07 16:00:00
6,17,weekend,29,139.01,2025-01-07 17:00:00
6,18,weekend,24,117.88,2025-01-07 18:00:00
6,19,weekend,15,68.77,2025-01-07 19:00:00
6,20,weekend,8,36.99,2025-01-07 20:00:00
6,21,weekend,3,13.91,2025-01-07 21:00:00
6,22,weekend,2,10.75,2025-01-07 22:00:00
6,23,weekend,1,7.03,2025-01-07 23:00:00
7,0,weekend,1,6.98,2025-01-08 00:00:00
7,1,weekend,2,13.23,2025-01-08 01:00:00
7,2,weekend,0,5.23,2025-01-08 02:00:00
7,3,weekend,1,9.54,2025-01-08 03:00:00
7,4,weekend,2,13.49,2025-01-08 04:00:00
7,5,weekend,0,7.94,2025-01-08 05:00:00
7,6,weekend,1,12.76,2025-01-08 06:00:00
7,7,weekend,6,34.49,2025-01-08 07:00:00
7,8,weekend,14,60.26,2025-01-08 08:00:00
7,9,weekend,18,98.81,2025-01-08 09:00:00
7,10,weekend,27,136.38,2025-01-08 10:00:00
7,11,weekend,31,153.19,2025-01-08 11:00:00
7,12,weekend,34,134.54,2025-01-08 12:00:00
7,13,weekend,34,144.05,2025-01-08 13:00:00
7,14,weekend,37,205.2,2025-01-08 14:00:00
7,15,weekend,37,165.32,2025-01-08 15:00:00
7,16,weekend,32,97.33,2025-01-08 16:00:00
7,17,weekend,31,188.98,2025-01-08 17:00:00
7,18,weekend,25,137.23,2025-01-08 18:00:00
7,19,weekend,11,63.52,2025-01-08 19:00:00
7,20,weekend,6,36.57,2025-01-08 20:00:00
7,21,weekend,3,20.54,2025-01-08 21:00:00
7,22,weekend,2,10.06,2025-01-08 22:00:00
7,23,weekend,0,3.79,2025-01-08 23:00:00
8,0,weekday,4,18.67,2025-01-09 00:00:00
8,1,weekday,2,12.83,2025-01-09 01:00:00
8,2,weekday,0,7.25,2025-01-09 02:00:00
8,3,weekday,3,21.15,2025-01-09 03:00:00
8,4,weekday,0,6.63,2025-01-09 04:00:00
8,5,weekday,0,8.69,2025-01-09 05:00:00
8,6,weekday,3,16.76,2025-01-09 06:00:00
8,7,weekday,18,96.98,2025-01-09 07:00:00
8,8,weekday,23,131.36,2025-01-09 08:00:00
8,9,weekday,22,103.0,2025-01-09 09:00:00
8,10,weekday,13,83.11,2025-01-09 10:00:00
8,11,weekday,13,65.59,2025-01-09 11:00:00
8,12,weekday,19,82.05,2025-01-09 12:00:00
8,13,weekday,16,72.01,2025-01-09 13:00:00
8,14,weekday,17,59.41,2025-01-09 14:00:00
8,15,weekday,17,73.8,2025-01-09 15:00:00
8,16,weekday,15,55.39,2025-01-09 16:00:00
8,17,weekday,22,94.31,2025-01-09 17:00:00
8,18,weekday,25,141.69,2025-01-09 18:00:00
8,19,weekday,17,85.16,2025-01-09 19:00:00
8,20,weekday,12,61.62,2025-01-09 20:00:00
8,21,weekday,8,35.2,2025-01-09 21:00:00
8,22,weekday,1,7.1,2025-01-09 22:00:00
8,23,weekday,1,7.37,2025-01-09 23:00:00
9,0,weekday,0,3.41,2025-01-10 00:00:00
9,1,weekday,3,13.07,2025-01-10 01:00:00
9,2,weekday,0,5.4,2025-01-10 02:00:00
9,3,weekday,0,8.62,2025-01-10 03:00:00
9,4,weekday,3,20.91,2025-01-10 04:00:00
9,5,weekday,0,8.36,2025-01-10 05:00:00
9,6,weekday,2,14.98,2025-01-10 06:00:00
9,7,weekday,12,75.11,2025-01-10 07:00:00
9,8,weekday,19,96.96,2025-01-10 08:00:00
9,9,weekday,22,117.8,2025-01-10 09:00:00
9,10,weekday,17,92.19,2025-01-10 10:00:00
9,11,weekday,13,65.3,2025-01-10 11:00:00
9,12,weekday,13,43.26,2025-01-10 12:00:00
9,13,weekday,17,82.33,2025-01-10 13:00:00
9,14,weekday,11,57.66,2025-01-10 14:00:00
9,15,weekday,15,66.04,2025-01-10 15:00:00
9,16,weekday,18,86.12,2025-01-10 16:00:00
9,17,weekday,22,108.16,2025-01-10 17:00:00
9,18,weekday,24,88.5,2025-01-10 18:00:00
9,19,weekday,22,111.1,2025-01-10 19:00:00
9,20,weekday,14,69.53,2025-01-10 20:00:00
9,21,weekday,6,25.15,2025-01-10 21:00:00
9,22,weekday,4,17.37,2025-01-10 22:00:00
9,23,weekday,2,12.72,2025-01-10 23:00:00
10,0,weekend,0,4.91,2025-01-11 00:00:00
10,1,weekend,2,9.31,2025-01-11 01:00:00
10,2,weekend,0,5.38,2025-01-11 02:00:00
10,3,weekend,2,11.94,2025-01-11 03:00:00
10,4,weekend,3,18.49,2025-01-11 04:00:00
10,5,weekend,0,7.61,2025-01-11 05:00:00
10,6,weekend,3,20.02,2025-01-11 06:00:00
10,7,weekend,4,25.68,2025-01-11 07:00:00
10,8,weekend,9,53.78,2025-01-11 08:00:00
10,9,weekend,20,104.2,2025-01-11 09:00:00
10,10,weekend,30,126.78,2025-01-11 10:00:00
10,11,weekend,30,145.78,2025-01-11 11:00:00
10,12,weekend,31,114.55,2025-01-11 12:00:00
10,13,weekend,37,138.67,2025-01-11 13:00:00
10,14,weekend,39,185.49,2025-01-11 14:00:00
10,15,weekend,39,207.72,2025-01-11 15:00:00
10,16,weekend,35,128.37,2025-01-11 16:00:00
10,17,weekend,31,169.94,2025-01-11 17:00:00
10,18,weekend,25,141.79,2025-01-11 18:00:00
10,19,weekend,16,87.54,2025-01-11 19:00:00
10,20,weekend,6,29.4,2025-01-11 20:00:00
10,21,weekend,7,32.15,2025-01-11 21:00:00
10,22,weekend,2,8.61,2025-01-11 22:00:00
10,23,weekend,3,16.03,2025-01-11 23:00:00
11,0,weekend,1,8.27,2025-01-12 00:00:00
11,1,weekend,4,21.55,2025-01-12 01:00:00
11,2,weekend,0,7.73,2025-01-12 02:00:00
11,3,weekend,0,6.88,2025-01-12 03:00:00
11,4,weekend,0,6.68,2025-01-12 04:00:00
11,5,weekend,0,8.12,2025-01-12 05:00:00
11,6,weekend,6,30.42,2025-01-12 06:00:00
11,7,weekend,7,46.22,2025-01-12 07:00:00
11,8,weekend,11,65.56,2025-01-12 08:00:00
11,9,weekend,21,148.3,2025-01-12 09:00:00
11,10,weekend,25,116.75,2025-01-12 10:00:00
11,11,weekend,30,142.93,2025-01-12 11:00:00
11,12,weekend,36,134.13,2025-01-12 12:00:00
11,13,weekend,36,159.74,2025-01-12 13:00:00
11,14,weekend,37,165.13,2025-01-12 14:00:00
11,15,weekend,41,158.55,2025-01-12 15:00:00
11,16,weekend,37,174.95,2025-01-12 16:00:00
11,17,weekend,35,157.9,2025-01-12 17:00:00
11,18,weekend,21,100.46,2025-01-12 18:00:00
11,19,weekend,19,95.67,2025-01-12 19:00:00
11,20,weekend,9,67.35,2025-01-12 20:00:00
11,21,weekend,3,16.84,2025-01-12 21:00:00
11,22,weekend,3,16.76,2025-01-12 22:00:00
11,23,weekend,0,4.79,2025-01-12 23:00:00
12,0,holiday,2,13.18,2025-01-13 00:00:00
12,1,holiday,2,15.84,2025-01-13 01:00:00
12,2,holiday,0,6.21,2025-01-13 02:00:00
12,3,holiday,0,7.54,2025-01-13 03:00:00
12,4,holiday,2,14.44,2025-01-13 04:00:00
12,5,holiday,3,15.71,2025-01-13 05:00:00
12,6,holiday,8,39.49,2025-01-13 06:00:00
12,7,holiday,12,77.0,2025-01-13 07:00:00
12,8,holiday,25,136.89,2025-01-13 08:00:00
12,9,holiday,36,169.15,2025-01-13 09:00:00
12,10,holiday,48,248.66,2025-01-13 10:00:00
12,11,holiday,55,234.61,2025-01-13 11:00:00
12,12,holiday,56,244.19,2025-01-13 12:00:00
12,13,holiday,57,235.11,2025-01-13 13:00:00
12,14,holiday,47,182.13,2025-01-13 14:00:00
12,15,holiday,38,133.03,2025-01-13 15:00:00
12,16,holiday,22,100.71,2025-01-13 16:00:00
12,17,holiday,16,103.32,2025-01-13 17:00:00
12,18,holiday,7,33.32,2025-01-13 18:00:00
12,19,holiday,5,29.56,2025-01-13 19:00:00
12,20,holiday,3,15.69,2025-01-13 20:00:00
12,21,holiday,0,2.8,2025-01-13 21:00:00
12,22,holiday,3,14.52,2025-01-13 22:00:00
12,23,holiday,1,7.59,2025-01-13 23:00:00
13,0,weekend,2,13.21,2025-01-14 00:00:00
13,1,weekend,3,17.85,2025-01-14 01:00:00
13,2,weekend,1,9.59,2025-01-14 02:00:00
13,3,weekend,4,17.46,2025-01-14 03:00:00
13,4,weekend,1,11.99,2025-01-14 04:00:00
13,5,weekend,0,6.11,2025-01-14 05:00:00
13,6,weekend,2,10.97,2025-01-14 06:00:00
13,7,weekend,9,58.57,2025-01-14 07:00:00
13,8,weekend,11,62.36,2025-01-14 08:00:00
13,9,weekend,17,113.12,2025-01-14 09:00:00
13,10,weekend,26,140.2,2025-01-14 10:00:00
13,11,weekend,27,107.28,2025-01-14 11:00:00
13,12,weekend,32,165.64,2025-01-14 12:00:00
13,13,weekend,36,158.41,2025-01-14 13:00:00
13,14,weekend,39,181.21,2025-01-14 14:00:00
13,15,weekend,36,170.57,2025-01-14 15:00:00
13,16,weekend,38,191.92,2025-01-14 16:00:00
13,17,weekend,30,171.89,2025-01-14 17:00:00
13,18,weekend,28,162.25,2025-01-14 18:00:00
13,19,weekend,16,73.41,2025-01-14 19:00:00
13,20,weekend,8,46.5,2025-01-14 20:00:00
13,21,weekend,3,19.43,2025-01-14 21:00:00
13,22,weekend,5,21.75,2025-01-14 22:00:00
13,23,weekend,1,6.94,2025-01-14 23:00:00
14,0,weekday,3,17.12,2025-01-15 00:00:00
14,1,weekday,2,10.4,2025-01-15 01:00:00
14,2,weekday,0,6.42,2025-01-15 02:00:00
14,3,weekday,4,17.84,2025-01-15 03:00:00
14,4,weekday,2,15.65,2025-01-15 04:00:00
14,5,weekday,0,8.63,2025-01-15 05:00:00
14,6,weekday,6,28.84,2025-01-15 06:00:00
14,7,weekday,12,59.61,2025-01-15 07:00:00
14,8,weekday,19,81.0,2025-01-15 08:00:00
14,9,weekday,21,106.34,2025-01-15 09:00:00
14,10,weekday,17,99.72,2025-01-15 10:00:00
14,11,weekday,10,47.26,2025-01-15 11:00:00
14,12,weekday,11,37.54,2025-01-15 12:00:00
14,13,weekday,16,80.33,2025-01-15 13:00:00
14,14,weekday,17,59.92,2025-01-15 14:00:00
14,15,weekday,16,85.8,2025-01-15 15:00:00
14,16,weekday,20,89.51,2025-01-15 16:00:00
14,17,weekday,25,129.72,2025-01-15 17:00:00
14,18,weekday,23,112.58,2025-01-15 18:00:00
14,19,weekday,19,84.17,2025-01-15 19:00:00
14,20,weekday,14,69.62,2025-01-15 20:00:00
14,21,weekday,7,34.39,2025-01-15 21:00:00
14,22,weekday,2,8.34,2025-01-15 22:00:00
14,23,weekday,7,28.2,2025-01-15 23:00:00
15,0,weekday,3,15.64,2025-01-16 00:00:00
15,1,weekday,0,7.1,2025-01-16 01:00:00
15,2,weekday,0,7.18,2025-01-16 02:00:00
15,3,weekday,2,14.83,2025-01-16 03:00:00
15,4,weekday,6,29.18,2025-01-16 04:00:00
15,5,weekday,3,22.16,2025-01-16 05:00:00
15,6,weekday,6,32.22,2025-01-16 06:00:00
15,7,weekday,10,53.76,2025-01-16 07:00:00
15,8,weekday,20,114.48,2025-01-16 08:00:00
15,9,weekday,21,132.52,2025-01-16 09:00:00
15,10,weekday,15,99.74,2025-01-16 10:00:00
15,11,weekday,10,54.06,2025-01-16 11:00:00
15,12,weekday,13,64.67,2025-01-16 12:00:00
15,13,weekday,16,70.59,2025-01-16 13:00:00
15,14,weekday,13,61.41,2025-01-16 14:00:00
15,15,weekday,14,42.14,2025-01-16 15:00:00
15,16,weekday,17,78.92,2025-01-16 16:00:00
15,17,weekday,24,146.71,2025-01-16 17:00:00
15,18,weekday,26,90.04,2025-01-16 18:00:00
15,19,weekday,25,90.85,2025-01-16 19:00:00
15,20,weekday,16,114.3,2025-01-16 20:00:00
15,21,weekday,8,42.05,2025-01-16 21:00:00
15,22,weekday,4,18.06,2025-01-16 22:00:00
15,23,weekday,1,7.24,2025-01-16 23:00:00
16,0,weekday,0,5.58,2025-01-17 00:00:00
16,1,weekday,0,6.05,2025-01-17 01:00:00
16,2,weekday,4,19.88,2025-01-17 02:00:00
16,3,weekday,0,6.99,2025-01-17 03:00:00
16,4,weekday,0,9.28,2025-01-17 04:00:00
16,5,weekday,1,10.16,2025-01-17 05:00:00
16,6,weekday,8,33.33,2025-01-17 06:00:00
16,7,weekday,12,71.34,2025-01-17 07:00:00
16,8,weekday,22,116.85,2025-01-17 08:00:00
16,9,weekday,21,98.22,2025-01-17 09:00:00
16,10,weekday,18,91.22,2025-01-17 10:00:00
16,11,weekday,14,62.5,2025-01-17 11:00:00
16,12,weekday,16,84.14,2025-01-17 12:00:00
16,13,weekday,14,58.17,2025-01-17 13:00:00
16,14,weekday,20,83.8,2025-01-17 14:00:00
16,15,weekday,14,63.21,2025-01-17 15:00:00
16,16,weekday,20,79.73,2025-01-17 16:00:00
16,17,weekday,22,99.68,2025-01-17 17:00:00
16,18,weekday,24,128.05,2025-01-17 18:00:00
16,19,weekday,19,66.4,2025-01-17 19:00:00
16,20,weekday,16,92.72,2025-01-17 20:00:00
16,21,weekday,6,26.34,2025-01-17 21:00:00
16,22,weekday,1,6.31,2025-01-17 22:00:00
16,23,weekday,0,4.24,2025-01-17 23:00:00
17,0,weekend,1,8.35,2025-01-18 00:00:00
17,1,weekend,2,12.1,2025-01-18 01:00:00
17,2,weekend,3,19.1,2025-01-18 02:00:00
17,3,weekend,2,13.61,2025-01-18 03:00:00
17,4,weekend,2,15.59,2025-01-18 04:00:00
17,5,weekend,0,6.56,2025-01-18 05:00:00
17,6,weekend,3,16.13,2025-01-18 06:00:00
17,7,weekend,10,66.81,2025-01-18 07:00:00
17,8,weekend,11,70.12,2025-01-18 08:00:00
17,9,weekend,20,131.61,2025-01-18 09:00:00
17,10,weekend,27,140.38,2025-01-18 10:00:00
17,11,weekend,31,160.15,2025-01-18 11:00:00
17,12,weekend,32,97.06,2025-01-18 12:00:00
17,13,weekend,36,104.96,2025-01-18 13:00:00
17,14,weekend,37,191.05,2025-01-18 14:00:00
17,15,weekend,39,165.8,2025-01-18 15:00:00
17,16,weekend,38,163.22,2025-01-18 16:00:00
17,17,weekend,32,171.83,2025-01-18 17:00:00
17,18,weekend,24,122.13,2025-01-18 18:00:00
17,19,weekend,14,72.18,2025-01-18 19:00:00
17,20,weekend,11,59.31,2025-01-18 20:00:00
17,21,weekend,6,33.07,2025-01-18 21:00:00
17,22,weekend,1,5.76,2025-01-18 22:00:00
17,23,weekend,0,4.13,2025-01-18 23:00:00
18,0,weekday,2,9.43,2025-01-19 00:00:00
18,1,weekday,0,5.98,2025-01-19 01:00:00
18,2,weekday,1,10.39,2025-01-19 02:00:00
18,3,weekday,0,7.48,2025-01-19 03:00:00
18,4,weekday,0,7.08,2025-01-19 04:00:00
18,5,weekday,0,7.23,2025-01-19 05:00:00
18,6,weekday,5,24.6,2025-01-19 06:00:00
18,7,weekday,11,62.29,2025-01-19 07:00:00
18,8,weekday,21,115.31,2025-01-19 08:00:00
18,9,weekday,20,118.69,2025-01-19 09:00:00
18,10,weekday,15,85.27,2025-01-19 10:00:00
18,11,weekday,12,65.34,2025-01-19 11:00:00
18,12,weekday,14,59.99,2025-01-19 12:00:00
18,13,weekday,16,68.97,2025-01-19 13:00:00
18,14,weekday,16,56.75,2025-01-19 14:00:00
18,15,weekday,15,69.33,2025-01-19 15:00:00
18,16,weekday,15,74.33,2025-01-19 16:00:00
18,17,weekday,20,79.21,2025-01-19 17:00:00
18,18,weekday,22,95.11,2025-01-19 18:00:00
18,19,weekday,21,101.0,2025-01-19 19:00:00
18,20,weekday,11,55.02,2025-01-19 20:00:00
18,21,weekday,9,51.7,2025-01-19 21:00:00
18,22,weekday,3,13.59,2025-01-19 22:00:00
18,23,weekday,1,7.42,2025-01-19 23:00:00
19,0,weekend,5,21.71,2025-01-20 00:00:00
19,1,weekend,1,7.84,2025-01-20 01:00:00
19,2,weekend,3,14.35,2025-01-20 02:00:00
19,3,weekend,2,16.11,2025-01-20 03:00:00
19,4,weekend,3,14.45,2025-01-20 04:00:00
19,5,weekend,4,20.86,2025-01-20 05:00:00
19,6,weekend,6,31.64,2025-01-20 06:00:00
19,7,weekend,11,66.75,2025-01-20 07:00:00
19,8,weekend,13,87.57,2025-01-20 08:00:00
19,9,weekend,21,131.66,2025-01-20 09:00:00
19,10,weekend,26,111.75,2025-01-20 10:00:00
19,11,weekend,27,120.26,2025-01-20 11:00:00
19,12,weekend,33,145.58,2025-01-20 12:00:00
19,13,weekend,37,158.82,2025-01-20 13:00:00
19,14,weekend,36,153.54,2025-01-20 14:00:00
19,15,weekend,41,198.18,2025-01-20 15:00:00
19,16,weekend,37,176.76,2025-01-20 16:00:00
19,17,weekend,29,139.88,2025-01-20 17:00:00
19,18,weekend,23,140.58,2025-01-20 18:00:00
19,19,weekend,16,101.25,2025-01-20 19:00:00
19,20,weekend,9,60.62,2025-01-20 20:00:00
19,21,weekend,0,3.01,2025-01-20 21:00:00
19,22,weekend,4,18.0,2025-01-20 22:00:00
19,23,weekend,0,3.79,2025-01-20 23:00:00
20,0,weekend,1,8.78,2025-01-21 00:00:00
20,1,weekend,4,16.61,2025-01-21 01:00:00
20,2,weekend,1,8.62,2025-01-21 02:00:00
20,3,weekend,0,6.42,2025-01-21 03:00:00
20,4,weekend,0,8.14,2025-01-21 04:00:00
20,5,weekend,2,16.31,2025-01-21 05:00:00
20,6,weekend,7,35.25,2025-01-21 06:00:00
20,7,weekend,6,34.49,2025-01-21 07:00:00
20,8,weekend,17,91.96,2025-01-21 08:00:00
20,9,weekend,18,135.54,2025-01-21 09:00:00
20,10,weekend,30,155.38,2025-01-21 10:00:00
20,11,weekend,33,167.02,2025-01-21 11:00:00
20,12,weekend,36,164.85,2025-01-21 12:00:00
20,13,weekend,37,135.6,2025-01-21 13:00:00
20,14,weekend,36,129.01,2025-01-21 14:00:00
20,15,weekend,37,137.54,2025-01-21 15:00:00
20,16,weekend,37,202.2,2025-01-21 16:00:00
20,17,weekend,29,147.54,2025-01-21 17:00:00
20,18,weekend,26,147.37,2025-01-21 18:00:00
20,19,weekend,12,58.43,2025-01-21 19:00:00
20,20,weekend,6,27.71,2025-01-21 20:00:00
20,21,weekend,6,24.59,2025-01-21 21:00:00
20,22,weekend,3,13.21,2025-01-21 22:00:00
20,23,weekend,2,12.96,2025-01-21 23:00:00
21,0,weekday,1,10.83,2025-01-22 00:00:00
21,1,weekday,0,6.1,2025-01-22 01:00:00
21,2,weekday,0,7.1,2025-01-22 02:00:00
21,3,weekday,3,17.1,2025-01-22 03:00:00
21,4,weekday,0,7.39,2025-01-22 04:00:00
21,5,weekday,2,13.96,2025-01-22 05:00:00
21,6,weekday,8,35.26,2025-01-22 06:00:00
21,7,weekday,11,57.77,2025-01-22 07:00:00
21,8,weekday,21,111.12,2025-01-22 08:00:00
21,9,weekday,22,96.81,2025-01-22 09:00:00
21,10,weekday,18,90.55,2025-01-22 10:00:00
21,11,weekday,10,49.2,2025-01-22 11:00:00
21,12,weekday,11,50.78,2025-01-22 12:00:00
21,13,weekday,14,72.83,2025-01-22 13:00:00
21,14,weekday,14,65.82,2025-01-22 14:00:00
21,15,weekday,17,72.01,2025-01-22 15:00:00
21,16,weekday,16,61.07,2025-01-22 16:00:00
21,17,weekday,16,94.11,2025-01-22 17:00:00
21,18,weekday,19,95.96,2025-01-22 18:00:00
21,19,weekday,25,116.19,2025-01-22 19:00:00
21,20,weekday,14,73.89,2025-01-22 20:00:00
21,21,weekday,6,23.97,2025-01-22 21:00:00
21,22,weekday,3,16.06,2025-01-22 22:00:00
21,23,weekday,0,3.43,2025-01-22 23:00:00
22,0,holiday,1,8.36,2025-01-23 00:00:00
22,1,holiday,2,12.18,2025-01-23 01:00:00
22,2,holiday,3,20.2,2025-01-23 02:00:00
22,3,holiday,0,7.29,2025-01-23 03:00:00
22,4,holiday,2,17.62,2025-01-23 04:00:00
22,5,holiday,5,25.93,2025-01-23 05:00:00
22,6,holiday,5,28.7,2025-01-23 06:00:00
22,7,holiday,16,88.45,2025-01-23 07:00:00
22,8,holiday,24,123.57,2025-01-23 08:00:00
22,9,holiday,35,203.3,2025-01-23 09:00:00
22,10,holiday,47,200.24,2025-01-23 10:00:00
22,11,holiday,57,256.21,2025-01-23 11:00:00
22,12,holiday,60,265.3,2025-01-23 12:00:00
22,13,holiday,56,300.0,2025-01-23 13:00:00
22,14,holiday,45,189.22,2025-01-23 14:00:00
22,15,holiday,35,176.46,2025-01-23 15:00:00
22,16,holiday,23,107.18,2025-01-23 16:00:00
22,17,holiday,15,91.65,2025-01-23 17:00:00
22,18,holiday,7,30.9,2025-01-23 18:00:00
22,19,holiday,6,23.31,2025-01-23 19:00:00
22,20,holiday,0,2.56,2025-01-23 20:00:00
22,21,holiday,0,2.74,2025-01-23 21:00:00
22,22,holiday,0,3.82,2025-01-23 22:00:00
22,23,holiday,3,15.35,2025-01-23 23:00:00
23,0,weekend,2,10.69,2025-01-24 00:00:00
23,1,weekend,1,10.19,2025-01-24 01:00:00
23,2,weekend,0,6.72,2025-01-24 02:00:00
23,3,weekend,0,6.72,2025-01-24 03:00:00
23,4,weekend,2,14.0,2025-01-24 04:00:00
23,5,weekend,5,21.95,2025-01-24 05:00:00
23,6,weekend,4,23.15,2025-01-24 06:00:00
23,7,weekend,8,56.58,2025-01-24 07:00:00
23,8,weekend,14,82.4,2025-01-24 08:00:00
23,9,weekend,24,111.13,2025-01-24 09:00:00
23,10,weekend,28,107.31,2025-01-24 10:00:00
23,11,weekend,33,136.69,2025-01-24 11:00:00
23,12,weekend,34,162.84,2025-01-24 12:00:00
23,13,weekend,34,148.36,2025-01-24 13:00:00
23,14,weekend,38,152.06,2025-01-24 14:00:00
23,15,weekend,40,179.22,2025-01-24 15:00:00
23,16,weekend,37,176.74,2025-01-24 16:00:00
23,17,weekend,31,151.15,2025-01-24 17:00:00
23,18,weekend,26,100.63,2025-01-24 18:00:00
23,19,weekend,14,93.32,2025-01-24 19:00:00
23,20,weekend,9,47.19,2025-01-24 20:00:00
23,21,weekend,6,26.88,2025-01-24 21:00:00
23,22,weekend,3,14.78,2025-01-24 22:00:00
23,23,weekend,3,13.29,2025-01-24 23:00:00
24,0,weekday,4,20.55,2025-01-25 00:00:00
24,1,weekday,1,8.58,2025-01-25 01:00:00
24,2,weekday,3,16.31,2025-01-25 02:00:00
24,3,weekday,2,13.59,2025-01-25 03:00:00
24,4,weekday,0,7.98,2025-01-25 04:00:00
24,5,weekday,1,12.71,2025-01-25 05:00:00
24,6,weekday,9,39.29,2025-01-25 06:00:00
24,7,weekday,12,48.36,2025-01-25 07:00:00
24,8,weekday,19,91.6,2025-01-25 08:00:00
24,9,weekday,18,83.4,2025-01-25 09:00:00
24,10,weekday,16,97.81,2025-01-25 10:00:00
24,11,weekday,12,77.26,2025-01-25 11:00:00
24,12,weekday,15,60.78,2025-01-25 12:00:00
24,13,weekday,15,64.59,2025-01-25 13:00:00
24,14,weekday,16,58.46,2025-01-25 14:00:00
24,15,weekday,18,70.01,2025-01-25 15:00:00
24,16,weekday,15,61.2,2025-01-25 16:00:00
24,17,weekday,22,140.74,2025-01-25 17:00:00
24,18,weekday,26,128.56,2025-01-25 18:00:00
24,19,weekday,20,100.4,2025-01-25 19:00:00
24,20,weekday,12,46.28,2025-01-25 20:00:00
24,21,weekday,7,33.88,2025-01-25 21:00:00
24,22,weekday,4,19.84,2025-01-25 22:00:00
24,23,weekday,3,12.5,2025-01-25 23:00:00
25,0,weekday,2,13.53,2025-01-26 00:00:00
25,1,weekday,1,9.49,2025-01-26 01:00:00
25,2,weekday,0,6.47,2025-01-26 02:00:00
25,3,weekday,0,5.51,2025-01-26 03:00:00
25,4,weekday,0,7.74,2025-01-26 04:00:00
25,5,weekday,0,7.08,2025-01-26 05:00:00
25,6,weekday,7,30.81,2025-01-26 06:00:00
25,7,weekday,16,89.11,2025-01-26 07:00:00
25,8,weekday,22,130.36,2025-01-26 08:00:00
25,9,weekday,20,112.85,2025-01-26 09:00:00
25,10,weekday,16,100.42,2025-01-26 10:00:00
25,11,weekday,9,38.17,2025-01-26 11:00:00
25,12,weekday,16,68.23,2025-01-26 12:00:00
25,13,weekday,15,59.83,2025-01-26 13:00:00
25,14,weekday,15,81.69,2025-01-26 14:00:00
25,15,weekday,18,73.06,2025-01-26 15:00:00
25,16,weekday,14,63.88,2025-01-26 16:00:00
25,17,weekday,25,106.6,2025-01-26 17:00:00
25,18,weekday,24,112.58,2025-01-26 18:00:00
25,19,weekday,22,107.75,2025-01-26 19:00:00
25,20,weekday,15,73.39,2025-01-26 20:00:00
25,21,weekday,7,30.64,2025-01-26 21:00:00
25,22,weekday,2,12.23,2025-01-26 22:00:00
25,23,weekday,0,4.05,2025-01-26 23:00:00
26,0,weekend,0,5.32,2025-01-27 00:00:00
26,1,weekend,0,4.96,2025-01-27 01:00:00
26,2,weekend,4,20.25,2025-01-27 02:00:00
26,3,weekend,3,14.92,2025-01-27 03:00:00
26,4,weekend,0,7.65,2025-01-27 04:00:00
26,5,weekend,2,12.09,2025-01-27 05:00:00
26,6,weekend,3,17.07,2025-01-27 06:00:00
26,7,weekend,12,76.78,2025-01-27 07:00:00
26,8,weekend,17,94.87,2025-01-27 08:00:00
26,9,weekend,17,85.65,2025-01-27 09:00:00
26,10,weekend,23,127.66,2025-01-27 10:00:00
26,11,weekend,35,153.33,2025-01-27 11:00:00
26,12,weekend,32,146.95,2025-01-27 12:00:00
26,13,weekend,33,149.35,2025-01-27 13:00:00
26,14,weekend,37,142.48,2025-01-27 14:00:00
26,15,weekend,36,148.03,2025-01-27 15:00:00
26,16,weekend,37,167.68,2025-01-27 16:00:00
26,17,weekend,31,164.96,2025-01-27 17:00:00
26,18,weekend,25,161.77,2025-01-27 18:00:00
26,19,weekend,15,85.48,2025-01-27 19:00:00
26,20,weekend,13,84.47,2025-01-27 20:00:00
26,21,weekend,3,18.66,2025-01-27 21:00:00
26,22,weekend,1,7.71,2025-01-27 22:00:00
26,23,weekend,0,3.88,2025-01-27 23:00:00
27,0,holiday,3,17.35,2025-01-28 00:00:00
27,1,holiday,2,13.03,2025-01-28 01:00:00
27,2,holiday,2,15.94,2025-01-28 02:00:00
27,3,holiday,2,16.17,2025-01-28 03:00:00
27,4,holiday,1,10.62,2025-01-28 04:00:00
27,5,holiday,2,14.24,2025-01-28 05:00:00
27,6,holiday,6,21.98,2025-01-28 06:00:00
27,7,holiday,15,74.78,2025-01-28 07:00:00
27,8,holiday,25,114.59,2025-01-28 08:00:00
27,9,holiday,34,147.86,2025-01-28 09:00:00
27,10,holiday,49,239.84,2025-01-28 10:00:00
27,11,holiday,52,200.68,2025-01-28 11:00:00
27,12,holiday,60,300.0,2025-01-28 12:00:00
27,13,holiday,54,177.79,2025-01-28 13:00:00
27,14,holiday,51,245.85,2025-01-28 14:00:00
27,15,holiday,35,141.1,2025-01-28 15:00:00
27,16,holiday,25,126.05,2025-01-28 16:00:00
27,17,holiday,20,98.81,2025-01-28 17:00:00
27,18,holiday,8,33.31,2025-01-28 18:00:00
27,19,holiday,3,16.77,2025-01-28 19:00:00
27,20,holiday,0,2.4,2025-01-28 20:00:00
27,21,holiday,1,7.09,2025-01-28 21:00:00
27,22,holiday,2,9.19,2025-01-28 22:00:00
27,23,holiday,0,3.81,2025-01-28 23:00:00
28,0,weekend,3,14.62,2025-01-29 00:00:00
28,1,weekend,3,17.53,2025-01-29 01:00:00
28,2,weekend,1,12.59,2025-01-29 02:00:00
28,3,weekend,0,6.42,2025-01-29 03:00:00
28,4,weekend,1,9.71,2025-01-29 04:00:00
28,5,weekend,3,17.95,2025-01-29 05:00:00
28,6,weekend,2,15.82,2025-01-29 06:00:00
28,7,weekend,7,35.04,2025-01-29 07:00:00
28,8,weekend,10,47.19,2025-01-29 08:00:00
28,9,weekend,17,96.66,2025-01-29 09:00:00
28,10,weekend,25,130.26,2025-01-29 10:00:00
28,11,weekend,35,155.98,2025-01-29 11:00:00
28,12,weekend,36,160.68,2025-01-29 12:00:00
28,13,weekend,34,177.96,2025-01-29 13:00:00
28,14,weekend,39,176.22,2025-01-29 14:00:00
28,15,weekend,36,153.72,2025-01-29 15:00:00
28,16,weekend,34,101.53,2025-01-29 16:00:00
28,17,weekend,32,123.18,2025-01-29 17:00:00
28,18,weekend,24,105.7,2025-01-29 18:00:00
28,19,weekend,11,56.86,2025-01-29 19:00:00
28,20,weekend,10,64.88,2025-01-29 20:00:00
28,21,weekend,4,19.32,2025-01-29 21:00:00
28,22,weekend,2,11.1,2025-01-29 22:00:00
28,23,weekend,1,7.3,2025-01-29 23:00:00
29,0,weekday,0,5.1,2025-01-30 00:00:00
29,1,weekday,1,9.6,2025-01-30 01:00:00
29,2,weekday,0,5.25,2025-01-30 02:00:00
29,3,weekday,0,5.72,2025-01-30 03:00:00
29,4,weekday,0,7.62,2025-01-30 04:00:00
29,5,weekday,1,10.2,2025-01-30 05:00:00
29,6,weekday,4,24.94,2025-01-30 06:00:00
29,7,weekday,13,69.1,2025-01-30 07:00:00
29,8,weekday,21,145.35,2025-01-30 08:00:00
29,9,weekday,19,81.48,2025-01-30 09:00:00
29,10,weekday,16,100.09,2025-01-30 10:00:00
29,11,weekday,13,59.99,2025-01-30 11:00:00
29,12,weekday,12,51.8,2025-01-30 12:00:00
29,13,weekday,16,82.82,2025-01-30 13:00:00
29,14,weekday,15,63.22,2025-01-30 14:00:00
29,15,weekday,18,76.42,2025-01-30 15:00:00
29,16,weekday,15,60.71,2025-01-30 16:00:00
29,17,weekday,23,108.08,2025-01-30 17:00:00
29,18,weekday,28,129.62,2025-01-30 18:00:00
29,19,weekday,19,100.57,2025-01-30 19:00:00
29,20,weekday,13,85.08,2025-01-30 20:00:00
29,21,weekday,7,28.76,2025-01-30 21:00:00
29,22,weekday,1,8.41,2025-01-30 22:00:00
29,23,weekday,1,7.63,2025-01-30 23:00:00
30,0,weekday,2,12.77,2025-01-31 00:00:00
30,1,weekday,0,5.02,2025-01-31 01:00:00
30,2,weekday,2,13.67,2025-01-31 02:00:00
30,3,weekday,0,6.71,2025-01-31 03:00:00
30,4,weekday,0,6.91,2025-01-31 04:00:00
30,5,weekday,0,6.38,2025-01-31 05:00:00
30,6,weekday,5,26.04,2025-01-31 06:00:00
30,7,weekday,13,73.47,2025-01-31 07:00:00
30,8,weekday,20,110.67,2025-01-31 08:00:00
30,9,weekday,18,85.41,2025-01-31 09:00:00
30,10,weekday,13,73.51,2025-01-31 10:00:00
30,11,weekday,13,66.07,2025-01-31 11:00:00
30,12,weekday,15,73.92,2025-01-31 12:00:00
30,13,weekday,18,81.78,2025-01-31 13:00:00
30,14,weekday,18,73.23,2025-01-31 14:00:00
30,15,weekday,8,31.64,2025-01-31 15:00:00
30,16,weekday,17,64.72,2025-01-31 16:00:00
30,17,weekday,23,127.19,2025-01-31 17:00:00
30,18,weekday,26,120.8,2025-01-31 18:00:00
30,19,weekday,23,137.9,2025-01-31 19:00:00
30,20,weekday,12,65.28,2025-01-31 20:00:00
30,21,weekday,9,31.1,2025-01-31 21:00:00
30,22,weekday,4,13.16,2025-01-31 22:00:00
30,23,weekday,0,3.84,2025-01-31 23:00:00
31,0,weekday,2,12.22,2025-02-01 00:00:00
31,1,weekday,2,10.79,2025-02-01 01:00:00
31,2,weekday,3,15.22,2025-02-01 02:00:00
31,3,weekday,2,14.15,2025-02-01 03:00:00
31,4,weekday,0,9.18,2025-02-01 04:00:00
31,5,weekday,3,16.68,2025-02-01 05:00:00
31,6,weekday,3,19.92,2025-02-01 06:00:00
31,7,weekday,15,71.14,2025-02-01 07:00:00
31,8,weekday,22,103.8,2025-02-01 08:00:00
31,9,weekday,21,176.98,2025-02-01 09:00:00
31,10,weekday,17,96.04,2025-02-01 10:00:00
31,11,weekday,15,81.55,2025-02-01 11:00:00
31,12,weekday,14,71.53,2025-02-01 12:00:00
31,13,weekday,17,74.64,2025-02-01 13:00:00
31,14,weekday,15,63.93,2025-02-01 14:00:00
31,15,weekday,17,92.48,2025-02-01 15:00:00
31,16,weekday,18,71.44,2025-02-01 16:00:00
31,17,weekday,21,124.45,2025-02-01 17:00:00
31,18,weekday,23,95.15,2025-02-01 18:00:00
31,19,weekday,20,116.76,2025-02-01 19:00:00
31,20,weekday,15,77.77,2025-02-01 20:00:00
31,21,weekday,6,31.04,2025-02-01 21:00:00
31,22,weekday,4,12.51,2025-02-01 22:00:00
31,23,weekday,3,12.81,2025-02-01 23:00:00
32,0,weekday,1,8.06,2025-02-02 00:00:00
32,1,weekday,2,16.56,2025-02-02 01:00:00
32,2,weekday,1,8.63,2025-02-02 02:00:00
32,3,weekday,0,5.83,2025-02-02 03:00:00
32,4,weekday,3,15.89,2025-02-02 04:00:00
32,5,weekday,1,12.44,2025-02-02 05:00:00
32,6,weekday,8,32.64,2025-02-02 06:00:00
32,7,weekday,12,69.2,2025-02-02 07:00:00
32,8,weekday,22,109.52,2025-02-02 08:00:00
32,9,weekday,22,122.75,2025-02-02 09:00:00
32,10,weekday,15,73.57,2025-02-02 10:00:00
32,11,weekday,10,43.53,2025-02-02 11:00:00
32,12,weekday,17,67.14,2025-02-02 12:00:00
32,13,weekday,19,61.37,2025-02-02 13:00:00
32,14,weekday,14,46.67,2025-02-02 14:00:00
32,15,weekday,15,59.92,2025-02-02 15:00:00
32,16,weekday,18,79.69,2025-02-02 16:00:00
32,17,weekday,22,102.74,2025-02-02 17:00:00
32,18,weekday,27,171.96,2025-02-02 18:00:00
32,19,weekday,23,114.02,2025-02-02 19:00:00
32,20,weekday,15,66.42,2025-02-02 20:00:00
32,21,weekday,8,44.72,2025-02-02 21:00:00
32,22,weekday,1,7.55,2025-02-02 22:00:00
32,23,weekday,0,3.4,2025-02-02 23:00:00
33,0,holiday,3,16.23,2025-02-03 00:00:00
33,1,holiday,0,5.66,2025-02-03 01:00:00
33,2,holiday,1,9.73,2025-02-03 02:00:00
33,3,holiday,2,11.19,2025-02-03 03:00:00
33,4,holiday,5,22.96,2025-02-03 04:00:00
33,5,holiday,5,25.42,2025-02-03 05:00:00
33,6,holiday,8,32.1,2025-02-03 06:00:00
33,7,holiday,13,61.33,2025-02-03 07:00:00
33,8,holiday,24,130.61,2025-02-03 08:00:00
33,9,holiday,39,198.62,2025-02-03 09:00:00
33,10,holiday,49,263.13,2025-02-03 10:00:00
33,11,holiday,58,220.67,2025-02-03 11:00:00
33,12,holiday,60,250.39,2025-02-03 12:00:00
33,13,holiday,56,246.47,2025-02-03 13:00:00
33,14,holiday,50,230.83,2025-02-03 14:00:00
33,15,holiday,33,157.54,2025-02-03 15:00:00
33,16,holiday,24,96.87,2025-02-03 16:00:00
33,17,holiday,16,94.36,2025-02-03 17:00:00
33,18,holiday,12,54.47,2025-02-03 18:00:00
33,19,holiday,5,26.18,2025-02-03 19:00:00
33,20,holiday,1,6.62,2025-02-03 20:00:00
33,21,holiday,0,3.38,2025-02-03 21:00:00
33,22,holiday,0,3.38,2025-02-03 22:00:00
33,23,holiday,0,4.4,2025-02-03 23:00:00
34,0,weekend,0,4.4,2025-02-04 00:00:00
34,1,weekend,0,4.63,2025-02-04 01:00:00
34,2,weekend,0,7.32,2025-02-04 02:00:00
34,3,weekend,0,7.98,2025-02-04 03:00:00
34,4,weekend,0,8.24,2025-02-04 04:00:00
34,5,weekend,1,8.71,2025-02-04 05:00:00
34,6,weekend,0,8.4,2025-02-04 06:00:00
34,7,weekend,9,54.58,2025-02-04 07:00:00
34,8,weekend,12,65.28,2025-02-04 08:00:00
34,9,weekend,20,105.59,2025-02-04 09:00:00
34,10,weekend,24,135.44,2025-02-04 10:00:00
34,11,weekend,34,152.64,2025-02-04 11:00:00
34,12,weekend,32,137.9,2025-02-04 12:00:00
34,13,weekend,32,131.58,2025-02-04 13:00:00
34,14,weekend,36,134.21,2025-02-04 14:00:00
34,15,weekend,36,163.8,2025-02-04 15:00:00
34,16,weekend,32,177.2,2025-02-04 16:00:00
34,17,weekend,27,167.68,2025-02-04 17:00:00
34,18,weekend,24,122.89,2025-02-04 18:00:00
34,19,weekend,15,101.81,2025-02-04 19:00:00
34,20,weekend,9,42.32,2025-02-04 20:00:00
34,21,weekend,2,10.46,2025-02-04 21:00:00
34,22,weekend,0,3.44,2025-02-04 22:00:00
34,23,weekend,1,7.13,2025-02-04 23:00:00
35,0,weekday,6,28.22,2025-02-05 00:00:00
35,1,weekday,3,20.02,2025-02-05 01:00:00
35,2,weekday,1,10.05,2025-02-05 02:00:00
35,3,weekday,3,17.21,2025-02-05 03:00:00
35,4,weekday,0,6.87,2025-02-05 04:00:00
35,5,weekday,1,11.12,2025-02-05 05:00:00
35,6,weekday,5,28.19,2025-02-05 06:00:00
35,7,weekday,8,47.12,2025-02-05 07:00:00
35,8,weekday,22,87.76,2025-02-05 08:00:00
35,9,weekday,22,95.61,2025-02-05 09:00:00
35,10,weekday,15,74.56,2025-02-05 10:00:00
35,11,weekday,8,48.3,2025-02-05 11:00:00
35,12,weekday,15,60.53,2025-02-05 12:00:00
35,13,weekday,16,80.77,2025-02-05 13:00:00
35,14,weekday,14,66.14,2025-02-05 14:00:00
35,15,weekday,18,90.77,2025-02-05 15:00:00
35,16,weekday,18,91.16,2025-02-05 16:00:00
35,17,weekday,20,122.82,2025-02-05 17:00:00
35,18,weekday,23,116.6,2025-02-05 18:00:00
35,19,weekday,22,118.09,2025-02-05 19:00:00
35,20,weekday,17,96.85,2025-02-05 20:00:00
35,21,weekday,9,39.21,2025-02-05 21:00:00
35,22,weekday,6,21.66,2025-02-05 22:00:00
35,23,weekday,0,3.83,2025-02-05 23:00:00
36,0,weekday,2,9.95,2025-02-06 00:00:00
36,1,weekday,1,8.81,2025-02-06 01:00:00
36,2,weekday,3,18.83,2025-02-06 02:00:00
36,3,weekday,2,12.74,2025-02-06 03:00:00
36,4,weekday,1,9.19,2025-02-06 04:00:00
36,5,weekday,3,16.37,2025-02-06 05:00:00
36,6,weekday,3,15.63,2025-02-06 06:00:00
36,7,weekday,14,89.15,2025-02-06 07:00:00
36,8,weekday,21,105.42,2025-02-06 08:00:00
36,9,weekday,24,121.73,2025-02-06 09:00:00
36,10,weekday,15,79.0,2025-02-06 10:00:00
36,11,weekday,13,62.41,2025-02-06 11:00:00
36,12,weekday,15,62.72,2025-02-06 12:00:00
36,13,weekday,17,72.49,2025-02-06 13:00:00
36,14,weekday,18,77.26,2025-02-06 14:00:00
36,15,weekday,16,65.33,2025-02-06 15:00:00
36,16,weekday,20,64.34,2025-02-06 16:00:00
36,17,weekday,23,114.86,2025-02-06 17:00:00
36,18,weekday,26,156.36,2025-02-06 18:00:00
36,19,weekday,25,142.2,2025-02-06 19:00:00
36,20,weekday,17,120.42,2025-02-06 20:00:00
36,21,weekday,6,23.56,2025-02-06 21:00:00
36,22,weekday,4,17.25,2025-02-06 22:00:00
36,23,weekday,2,10.52,2025-02-06 23:00:00
37,0,holiday,2,11.64,2025-02-07 00:00:00
37,1,holiday,1,9.26,2025-02-07 01:00:00
37,2,holiday,0,8.03,2025-02-07 02:00:00
37,3,holiday,1,12.68,2025-02-07 03:00:00
37,4,holiday,0,8.72,2025-02-07 04:00:00
37,5,holiday,7,30.03,2025-02-07 05:00:00
37,6,holiday,12,46.15,2025-02-07 06:00:00
37,7,holiday,15,101.67,2025-02-07 07:00:00
37,8,holiday,25,137.95,2025-02-07 08:00:00
37,9,holiday,37,149.18,2025-02-07 09:00:00
37,10,holiday,48,234.8,2025-02-07 10:00:00
37,11,holiday,56,300.0,2025-02-07 11:00:00
37,12,holiday,59,247.47,2025-02-07 12:00:00
37,13,holiday,55,217.23,2025-02-07 13:00:00
37,14,holiday,45,217.59,2025-02-07 14:00:00
37,15,holiday,34,144.49,2025-02-07 15:00:00
37,16,holiday,25,114.12,2025-02-07 16:00:00
37,17,holiday,15,72.26,2025-02-07 17:00:00
37,18,holiday,7,34.17,2025-02-07 18:00:00
37,19,holiday,0,2.03,2025-02-07 19:00:00
37,20,holiday,1,7.25,2025-02-07 20:00:00
37,21,holiday,2,10.96,2025-02-07 21:00:00
37,22,holiday,0,3.3,2025-02-07 22:00:00
37,23,holiday,0,3.57,2025-02-07 23:00:00
38,0,weekend,0,5.53,2025-02-08 00:00:00
38,1,weekend,0,5.67,2025-02-08 01:00:00
38,2,weekend,3,17.74,2025-02-08 02:00:00
38,3,weekend,0,7.14,2025-02-08 03:00:00
38,4,weekend,0,6.83,2025-02-08 04:00:00
38,5,weekend,1,10.32,2025-02-08 05:00:00
38,6,weekend,1,11.51,2025-02-08 06:00:00
38,7,weekend,10,67.52,2025-02-08 07:00:00
38,8,weekend,12,81.96,2025-02-08 08:00:00
38,9,weekend,20,91.79,2025-02-08 09:00:00
38,10,weekend,30,93.52,2025-02-08 10:00:00
38,11,weekend,28,134.04,2025-02-08 11:00:00
38,12,weekend,33,145.94,2025-02-08 12:00:00
38,13,weekend,31,134.43,2025-02-08 13:00:00
38,14,weekend,37,136.63,2025-02-08 14:00:00
38,15,weekend,43,177.99,2025-02-08 15:00:00
38,16,weekend,32,130.79,2025-02-08 16:00:00
38,17,weekend,32,150.65,2025-02-08 17:00:00
38,18,weekend,22,111.31,2025-02-08 18:00:00
38,19,weekend,15,77.57,2025-02-08 19:00:00
38,20,weekend,9,46.95,2025-02-08 20:00:00
38,21,weekend,2,12.47,2025-02-08 21:00:00
38,22,weekend,2,10.47,2025-02-08 22:00:00
38,23,weekend,2,10.18,2025-02-08 23:00:00
39,0,weekday,2,10.63,2025-02-09 00:00:00
39,1,weekday,0,6.63,2025-02-09 01:00:00
39,2,weekday,0,4.87,2025-02-09 02:00:00
39,3,weekday,0,6.34,2025-02-09 03:00:00
39,4,weekday,0,7.86,2025-02-09 04:00:00
39,5,weekday,1,8.0,2025-02-09 05:00:00
39,6,weekday,4,15.11,2025-02-09 06:00:00
39,7,weekday,11,70.68,2025-02-09 07:00:00
39,8,weekday,19,107.3,2025-02-09 08:00:00
39,9,weekday,16,94.42,2025-02-09 09:00:00
39,10,weekday,17,88.64,2025-02-09 10:00:00
39,11,weekday,16,73.83,2025-02-09 11:00:00
39,12,weekday,14,57.5,2025-02-09 12:00:00
39,13,weekday,16,68.6,2025-02-09 13:00:00
39,14,weekday,15,57.3,2025-02-09 14:00:00
39,15,weekday,18,78.34,2025-02-09 15:00:00
39,16,weekday,16,79.92,2025-02-09 16:00:00
39,17,weekday,26,140.73,2025-02-09 17:00:00
39,18,weekday,24,122.84,2025-02-09 18:00:00
39,19,weekday,22,109.54,2025-02-09 19:00:00
39,20,weekday,14,72.78,2025-02-09 20:00:00
39,21,weekday,8,45.73,2025-02-09 21:00:00
39,22,weekday,4,15.14,2025-02-09 22:00:00
39,23,weekday,3,18.25,2025-02-09 23:00:00
40,0,holiday,0,4.93,2025-02-10 00:00:00
40,1,holiday,0,4.91,2025-02-10 01:00:00
40,2,holiday,0,5.65,2025-02-10 02:00:00
40,3,holiday,1,11.22,2025-02-10 03:00:00
40,4,holiday,0,9.49,2025-02-10 04:00:00
40,5,holiday,3,21.01,2025-02-10 05:00:00
40,6,holiday,9,42.66,2025-02-10 06:00:00
40,7,holiday,16,79.63,2025-02-10 07:00:00
40,8,holiday,21,96.32,2025-02-10 08:00:00
40,9,holiday,37,195.27,2025-02-10 09:00:00
40,10,holiday,47,208.94,2025-02-10 10:00:00
40,11,holiday,52,275.28,2025-02-10 11:00:00
40,12,holiday,59,234.68,2025-02-10 12:00:00
40,13,holiday,53,198.55,2025-02-10 13:00:00
40,14,holiday,48,181.89,2025-02-10 14:00:00
40,15,holiday,37,194.74,2025-02-10 15:00:00
40,16,holiday,28,124.61,2025-02-10 16:00:00
40,17,holiday,16,90.26,2025-02-10 17:00:00
40,18,holiday,8,34.26,2025-02-10 18:00:00
40,19,holiday,3,15.87,2025-02-10 19:00:00
40,20,holiday,2,11.12,2025-02-10 20:00:00
40,21,holiday,2,11.84,2025-02-10 21:00:00
40,22,holiday,0,3.55,2025-02-10 22:00:00
40,23,holiday,0,4.1,2025-02-10 23:00:00
41,0,weekend,2,12.51,2025-02-11 00:00:00
41,1,weekend,0,6.7,2025-02-11 01:00:00
41,2,weekend,0,6.04,2025-02-11 02:00:00
41,3,weekend,3,10.73,2025-02-11 03:00:00
41,4,weekend,0,8.69,2025-02-11 04:00:00
41,5,weekend,0,8.99,2025-02-11 05:00:00
41,6,weekend,0,8.18,2025-02-11 06:00:00
41,7,weekend,8,46.46,2025-02-11 07:00:00
41,8,weekend,8,47.97,2025-02-11 08:00:00
41,9,weekend,18,102.78,2025-02-11 09:00:00
41,10,weekend,26,122.3,2025-02-11 10:00:00
41,11,weekend,31,145.28,2025-02-11 11:00:00
41,12,weekend,32,154.08,2025-02-11 12:00:00
41,13,weekend,31,141.07,2025-02-11 13:00:00
41,14,weekend,37,145.7,2025-02-11 14:00:00
41,15,weekend,36,136.29,2025-02-11 15:00:00
41,16,weekend,40,147.85,2025-02-11 16:00:00
41,17,weekend,32,139.75,2025-02-11 17:00:00
41,18,weekend,25,122.29,2025-02-11 18:00:00
41,19,weekend,15,70.64,2025-02-11 19:00:00
41,20,weekend,12,64.18,2025-02-11 20:00:00
41,21,weekend,5,26.08,2025-02-11 21:00:00
41,22,weekend,2,10.47,2025-02-11 22:00:00
41,23,weekend,4,20.42,2025-02-11 23:00:00
42,0,weekday,1,8.63,2025-02-12 00:00:00
42,1,weekday,3,16.5,2025-02-12 01:00:00
42,2,weekday,2,16.94,2025-02-12 02:00:00
42,3,weekday,0,5.61,2025-02-12 03:00:00
42,4,weekday,0,8.97,2025-02-12 04:00:00
42,5,weekday,0,6.78,2025-02-12 05:00:00
42,6,weekday,7,31.78,2025-02-12 06:00:00
42,7,weekday,12,83.72,2025-02-12 07:00:00
42,8,weekday,21,94.09,2025-02-12 08:00:00
42,9,weekday,19,97.91,2025-02-12 09:00:00
42,10,weekday,15,93.74,2025-02-12 10:00:00
42,11,weekday,12,51.23,2025-02-12 11:00:00
42,12,weekday,12,54.3,2025-02-12 12:00:00
42,13,weekday,15,63.29,2025-02-12 13:00:00
42,14,weekday,16,64.87,2025-02-12 14:00:00
42,15,weekday,15,65.16,2025-02-12 15:00:00
42,16,weekday,16,76.1,2025-02-12 16:00:00
42,17,weekday,21,109.01,2025-02-12 17:00:00
42,18,weekday,20,91.92,2025-02-12 18:00:00
42,19,weekday,23,125.63,2025-02-12 19:00:00
42,20,weekday,13,77.61,2025-02-12 20:00:00
42,21,weekday,7,33.25,2025-02-12 21:00:00
42,22,weekday,4,12.83,2025-02-12 22:00:00
42,23,weekday,0,3.83,2025-02-12 23:00:00
43,0,weekday,0,4.38,2025-02-13 00:00:00
43,1,weekday,0,5.85,2025-02-13 01:00:00
43,2,weekday,3,16.02,2025-02-13 02:00:00
43,3,weekday,2,12.69,2025-02-13 03:00:00
43,4,weekday,0,7.24,2025-02-13 04:00:00
43,5,weekday,1,10.8,2025-02-13 05:00:00
43,6,weekday,3,16.04,2025-02-13 06:00:00
43,7,weekday,14,65.76,2025-02-13 07:00:00
43,8,weekday,17,99.63,2025-02-13 08:00:00
43,9,weekday,22,133.61,2025-02-13 09:00:00
43,10,weekday,14,67.66,2025-02-13 10:00:00
43,11,weekday,16,73.38,2025-02-13 11:00:00
43,12,weekday,16,78.39,2025-02-13 12:00:00
43,13,weekday,17,82.59,2025-02-13 13:00:00
43,14,weekday,13,53.78,2025-02-13 14:00:00
43,15,weekday,12,54.43,2025-02-13 15:00:00
43,16,weekday,18,82.83,2025-02-13 16:00:00
43,17,weekday,25,108.03,2025-02-13 17:00:00
43,18,weekday,22,132.2,2025-02-13 18:00:00
43,19,weekday,22,105.2,2025-02-13 19:00:00
43,20,weekday,17,106.39,2025-02-13 20:00:00
43,21,weekday,11,40.01,2025-02-13 21:00:00
43,22,weekday,1,6.31,2025-02-13 22:00:00
43,23,weekday,2,13.05,2025-02-13 23:00:00
44,0,weekday,3,15.25,2025-02-14 00:00:00
44,1,weekday,0,6.15,2025-02-14 01:00:00
44,2,weekday,0,6.36,2025-02-14 02:00:00
44,3,weekday,0,6.89,2025-02-14 03:00:00
44,4,weekday,4,17.71,2025-02-14 04:00:00
44,5,weekday,0,7.97,2025-02-14 05:00:00
44,6,weekday,8,36.91,2025-02-14 06:00:00
44,7,weekday,12,62.25,2025-02-14 07:00:00
44,8,weekday,21,96.42,2025-02-14 08:00:00
44,9,weekday,20,111.47,2025-02-14 09:00:00
44,10,weekday,20,109.91,2025-02-14 10:00:00
44,11,weekday,13,74.91,2025-02-14 11:00:00
44,12,weekday,14,70.13,2025-02-14 12:00:00
44,13,weekday,14,83.32,2025-02-14 13:00:00
44,14,weekday,18,54.41,2025-02-14 14:00:00
44,15,weekday,17,72.16,2025-02-14 15:00:00
44,16,weekday,21,81.89,2025-02-14 16:00:00
44,17,weekday,23,95.6,2025-02-14 17:00:00
44,18,weekday,24,127.81,2025-02-14 18:00:00
44,19,weekday,26,119.69,2025-02-14 19:00:00
44,20,weekday,17,63.83,2025-02-14 20:00:00
44,21,weekday,6,25.44,2025-02-14 21:00:00
44,22,weekday,3,16.07,2025-02-14 22:00:00
44,23,weekday,1,8.47,2025-02-14 23:00:00
45,0,weekday,4,15.39,2025-02-15 00:00:00
45,1,weekday,3,14.71,2025-02-15 01:00:00
45,2,weekday,1,10.97,2025-02-15 02:00:00
45,3,weekday,3,18.89,2025-02-15 03:00:00
45,4,weekday,4,18.53,2025-02-15 04:00:00
45,5,weekday,2,14.18,2025-02-15 05:00:00
45,6,weekday,4,22.35,2025-02-15 06:00:00
45,7,weekday,10,79.75,2025-02-15 07:00:00
45,8,weekday,20,81.71,2025-02-15 08:00:00
45,9,weekday,21,128.32,2025-02-15 09:00:00
45,10,weekday,16,71.89,2025-02-15 10:00:00
45,11,weekday,15,59.93,2025-02-15 11:00:00
45,12,weekday,17,93.22,2025-02-15 12:00:00
45,13,weekday,13,51.67,2025-02-15 13:00:00
45,14,weekday,17,92.84,2025-02-15 14:00:00
45,15,weekday,15,69.42,2025-02-15 15:00:00
45,16,weekday,16,76.03,2025-02-15 16:00:00
45,17,weekday,25,131.69,2025-02-15 17:00:00
45,18,weekday,23,119.72,2025-02-15 18:00:00
45,19,weekday,21,100.08,2025-02-15 19:00:00
45,20,weekday,14,63.81,2025-02-15 20:00:00
45,21,weekday,5,17.43,2025-02-15 21:00:00
45,22,weekday,0,3.2,2025-02-15 22:00:00
45,23,weekday,5,21.38,2025-02-15 23:00:00
46,0,weekend,1,11.19,2025-02-16 00:00:00
46,1,weekend,0,6.81,2025-02-16 01:00:00
46,2,weekend,0,5.63,2025-02-16 02:00:00
46,3,weekend,0,7.7,2025-02-16 03:00:00
46,4,weekend,1,12.2,2025-02-16 04:00:00
46,5,weekend,2,15.31,2025-02-16 05:00:00
46,6,weekend,4,24.02,2025-02-16 06:00:00
46,7,weekend,5,35.62,2025-02-16 07:00:00
46,8,weekend,11,59.05,2025-02-16 08:00:00
46,9,weekend,17,88.78,2025-02-16 09:00:00
46,10,weekend,29,154.32,2025-02-16 10:00:00
46,11,weekend,29,145.91,2025-02-16 11:00:00
46,12,weekend,32,159.5,2025-02-16 12:00:00
46,13,weekend,34,137.19,2025-02-16 13:00:00
46,14,weekend,42,191.92,2025-02-16 14:00:00
46,15,weekend,38,179.01,2025-02-16 15:00:00
46,16,weekend,35,156.39,2025-02-16 16:00:00
46,17,weekend,29,156.74,2025-02-16 17:00:00
46,18,weekend,24,113.07,2025-02-16 18:00:00
46,19,weekend,17,70.3,2025-02-16 19:00:00
46,20,weekend,9,58.84,2025-02-16 20:00:00
46,21,weekend,3,17.24,2025-02-16 21:00:00
46,22,weekend,4,14.87,2025-02-16 22:00:00
46,23,weekend,4,19.55,2025-02-16 23:00:00
47,0,weekend,2,9.5,2025-02-17 00:00:00
47,1,weekend,1,8.63,2025-02-17 01:00:00
47,2,weekend,1,11.35,2025-02-17 02:00:00
47,3,weekend,0,6.43,2025-02-17 03:00:00
47,4,weekend,0,7.16,2025-02-17 04:00:00
47,5,weekend,0,7.37,2025-02-17 05:00:00
47,6,weekend,0,9.05,2025-02-17 06:00:00
47,7,weekend,6,32.61,2025-02-17 07:00:00
47,8,weekend,16,101.62,2025-02-17 08:00:00
47,9,weekend,22,99.63,2025-02-17 09:00:00
47,10,weekend,25,125.57,2025-02-17 10:00:00
47,11,weekend,31,133.67,2025-02-17 11:00:00
47,12,weekend,34,123.55,2025-02-17 12:00:00
47,13,weekend,33,115.18,2025-02-17 13:00:00
47,14,weekend,39,179.47,2025-02-17 14:00:00
47,15,weekend,32,132.21,2025-02-17 15:00:00
47,16,weekend,34,164.61,2025-02-17 16:00:00
47,17,weekend,33,125.2,2025-02-17 17:00:00
47,18,weekend,23,121.89,2025-02-17 18:00:00
47,19,weekend,15,98.79,2025-02-17 19:00:00
47,20,weekend,10,51.06,2025-02-17 20:00:00
47,21,weekend,3,15.46,2025-02-17 21:00:00
47,22,weekend,1,6.59,2025-02-17 22:00:00
47,23,weekend,0,4.19,2025-02-17 23:00:00
48,0,weekday,0,4.67,2025-02-18 00:00:00
48,1,weekday,4,21.94,2025-02-18 01:00:00
48,2,weekday,1,10.28,2025-02-18 02:00:00
48,3,weekday,0,6.21,2025-02-18 03:00:00
48,4,weekday,0,7.74,2025-02-18 04:00:00
48,5,weekday,1,10.37,2025-02-18 05:00:00
48,6,weekday,3,21.24,2025-02-18 06:00:00
48,7,weekday,10,44.42,2025-02-18 07:00:00
48,8,weekday,22,87.86,2025-02-18 08:00:00
48,9,weekday,21,111.92,2025-02-18 09:00:00
48,10,weekday,13,83.85,2025-02-18 10:00:00
48,11,weekday,12,51.94,2025-02-18 11:00:00
48,12,weekday,15,83.43,2025-02-18 12:00:00
48,13,weekday,17,95.76,2025-02-18 13:00:00
48,14,weekday,15,77.03,2025-02-18 14:00:00
48,15,weekday,12,46.17,2025-02-18 15:00:00
48,16,weekday,18,85.7,2025-02-18 16:00:00
48,17,weekday,20,98.18,2025-02-18 17:00:00
48,18,weekday,22,122.86,2025-02-18 18:00:00
48,19,weekday,25,92.85,2025-02-18 19:00:00
48,20,weekday,14,80.85,2025-02-18 20:00:00
48,21,weekday,8,41.87,2025-02-18 21:00:00
48,22,weekday,6,24.12,2025-02-18 22:00:00
48,23,weekday,2,9.85,2025-02-18 23:00:00
49,0,weekday,0,6.27,2025-02-19 00:00:00
49,1,weekday,3,15.36,2025-02-19 01:00:00
49,2,weekday,1,8.81,2025-02-19 02:00:00
49,3,weekday,0,6.78,2025-02-19 03:00:00
49,4,weekday,3,23.8,2025-02-19 04:00:00
49,5,weekday,0,8.98,2025-02-19 05:00:00
49,6,weekday,3,20.19,2025-02-19 06:00:00
49,7,weekday,12,58.43,2025-02-19 07:00:00
49,8,weekday,24,139.58,2025-02-19 08:00:00
49,9,weekday,19,108.68,2025-02-19 09:00:00
49,10,weekday,13,69.62,2025-02-19 10:00:00
49,11,weekday,13,62.39,2025-02-19 11:00:00
49,12,weekday,15,63.36,2025-02-19 12:00:00
49,13,weekday,15,81.39,2025-02-19 13:00:00
49,14,weekday,13,45.53,2025-02-19 14:00:00
49,15,weekday,15,67.22,2025-02-19 15:00:00
49,16,weekday,16,60.2,2025-02-19 16:00:00
49,17,weekday,21,103.58,2025-02-19 17:00:00
49,18,weekday,23,130.11,2025-02-19 18:00:00
49,19,weekday,21,108.88,2025-02-19 19:00:00
49,20,weekday,14,70.5,2025-02-19 20:00:00
49,21,weekday,7,29.73,2025-02-19 21:00:00
49,22,weekday,1,6.87,2025-02-19 22:00:00
49,23,weekday,1,7.55,2025-02-19 23:00:00
50,0,holiday,0,5.2,2025-02-20 00:00:00
50,1,holiday,1,10.25,2025-02-20 01:00:00
50,2,holiday,5,21.0,2025-02-20 02:00:00
50,3,holiday,1,10.11,2025-02-20 03:00:00
50,4,holiday,1,12.82,2025-02-20 04:00:00
50,5,holiday,5,25.26,2025-02-20 05:00:00
50,6,holiday,8,37.74,2025-02-20 06:00:00
50,7,holiday,17,92.4,2025-02-20 07:00:00
50,8,holiday,24,138.84,2025-02-20 08:00:00
50,9,holiday,38,194.16,2025-02-20 09:00:00
50,10,holiday,45,237.88,2025-02-20 10:00:00
50,11,holiday,60,300.0,2025-02-20 11:00:00
50,12,holiday,60,246.08,2025-02-20 12:00:00
50,13,holiday,57,281.53,2025-02-20 13:00:00
50,14,holiday,46,228.86,2025-02-20 14:00:00
50,15,holiday,37,138.11,2025-02-20 15:00:00
50,16,holiday,24,87.36,2025-02-20 16:00:00
50,17,holiday,16,80.73,2025-02-20 17:00:00
50,18,holiday,6,31.36,2025-02-20 18:00:00
50,19,holiday,3,17.48,2025-02-20 19:00:00
50,20,holiday,0,1.62,2025-02-20 20:00:00
50,21,holiday,3,17.44,2025-02-20 21:00:00
50,22,holiday,0,3.59,2025-02-20 22:00:00
50,23,holiday,0,5.11,2025-02-20 23:00:00
51,0,weekday,0,5.3,2025-02-21 00:00:00
51,1,weekday,3,10.97,2025-02-21 01:00:00
51,2,weekday,2,9.85,2025-02-21 02:00:00
51,3,weekday,1,10.7,2025-02-21 03:00:00
51,4,weekday,0,7.26,2025-02-21 04:00:00
51,5,weekday,0,8.39,2025-02-21 05:00:00
51,6,weekday,5,22.68,2025-02-21 06:00:00
51,7,weekday,12,58.68,2025-02-21 07:00:00
51,8,weekday,23,101.37,2025-02-21 08:00:00
51,9,weekday,21,116.05,2025-02-21 09:00:00
51,10,weekday,15,70.55,2025-02-21 10:00:00
51,11,weekday,17,78.62,2025-02-21 11:00:00
51,12,weekday,15,61.31,2025-02-21 12:00:00
51,13,weekday,17,77.13,2025-02-21 13:00:00
51,14,weekday,14,74.17,2025-02-21 14:00:00
51,15,weekday,14,62.61,2025-02-21 15:00:00
51,16,weekday,16,51.46,2025-02-21 16:00:00
51,17,weekday,23,85.48,2025-02-21 17:00:00
51,18,weekday,20,99.48,2025-02-21 18:00:00
51,19,weekday,20,80.57,2025-02-21 19:00:00
51,20,weekday,15,76.91,2025-02-21 20:00:00
51,21,weekday,6,32.91,2025-02-21 21:00:00
51,22,weekday,4,17.53,2025-02-21 22:00:00
51,23,weekday,0,4.06,2025-02-21 23:00:00
52,0,weekend,0,4.49,2025-02-22 00:00:00
52,1,weekend,0,4.23,2025-02-22 01:00:00
52,2,weekend,2,12.18,2025-02-22 02:00:00
52,3,weekend,0,7.14,2025-02-22 03:00:00
52,4,weekend,2,15.68,2025-02-22 04:00:00
52,5,weekend,0,7.19,2025-02-22 05:00:00
52,6,weekend,2,14.7,2025-02-22 06:00:00
52,7,weekend,8,48.88,2025-02-22 07:00:00
52,8,weekend,14,86.28,2025-02-22 08:00:00
52,9,weekend,19,91.52,2025-02-22 09:00:00
52,10,weekend,26,137.51,2025-02-22 10:00:00
52,11,weekend,33,112.67,2025-02-22 11:00:00
52,12,weekend,31,154.86,2025-02-22 12:00:00
52,13,weekend,33,157.23,2025-02-22 13:00:00
52,14,weekend,36,136.35,2025-02-22 14:00:00
52,15,weekend,35,197.39,2025-02-22 15:00:00
52,16,weekend,34,152.45,2025-02-22 16:00:00
52,17,weekend,33,182.48,2025-02-22 17:00:00
52,18,weekend,23,107.8,2025-02-22 18:00:00
52,19,weekend,18,86.67,2025-02-22 19:00:00
52,20,weekend,8,35.53,2025-02-22 20:00:00
52,21,weekend,3,14.29,2025-02-22 21:00:00
52,22,weekend,2,11.2,2025-02-22 22:00:00
52,23,weekend,0,4.29,2025-02-22 23:00:00
53,0,weekend,0,4.34,2025-02-23 00:00:00
53,1,weekend,0,6.6,2025-02-23 01:00:00
53,2,weekend,3,14.05,2025-02-23 02:00:00
53,3,weekend,0,7.27,2025-02-23 03:00:00
53,4,weekend,0,7.54,2025-02-23 04:00:00
53,5,weekend,2,13.32,2025-02-23 05:00:00
53,6,weekend,3,20.87,2025-02-23 06:00:00
53,7,weekend,8,34.96,2025-02-23 07:00:00
53,8,weekend,12,84.51,2025-02-23 08:00:00
53,9,weekend,21,121.0,2025-02-23 09:00:00
53,10,weekend,25,156.28,2025-02-23 10:00:00
53,11,weekend,29,138.4,2025-02-23 11:00:00
53,12,weekend,36,148.21,2025-02-23 12:00:00
53,13,weekend,34,133.6,2025-02-23 13:00:00
53,14,weekend,39,127.75,2025-02-23 14:00:00
53,15,weekend,37,167.49,2025-02-23 15:00:00
53,16,weekend,38,197.11,2025-02-23 16:00:00
53,17,weekend,32,127.18,2025-02-23 17:00:00
53,18,weekend,23,127.03,2025-02-23 18:00:00
53,19,weekend,17,80.72,2025-02-23 19:00:00
53,20,weekend,10,64.75,2025-02-23 20:00:00
53,21,weekend,5,25.1,2025-02-23 21:00:00
53,22,weekend,4,15.23,2025-02-23 22:00:00
53,23,weekend,0,4.85,2025-02-23 23:00:00
54,0,weekday,3,17.0,2025-02-24 00:00:00
54,1,weekday,0,5.68,2025-02-24 01:00:00
54,2,weekday,0,5.56,2025-02-24 02:00:00
54,3,weekday,0,8.69,2025-02-24 03:00:00
54,4,weekday,0,8.17,2025-02-24 04:00:00
54,5,weekday,0,8.73,2025-02-24 05:00:00
54,6,weekday,6,30.0,2025-02-24 06:00:00
54,7,weekday,13,65.6,2025-02-24 07:00:00
54,8,weekday,19,126.24,2025-02-24 08:00:00
54,9,weekday,23,116.18,2025-02-24 09:00:00
54,10,weekday,19,90.96,2025-02-24 10:00:00
54,11,weekday,13,57.06,2025-02-24 11:00:00
54,12,weekday,16,78.23,2025-02-24 12:00:00
54,13,weekday,21,80.6,2025-02-24 13:00:00
54,14,weekday,13,54.85,2025-02-24 14:00:00
54,15,weekday,16,62.49,2025-02-24 15:00:00
54,16,weekday,16,84.7,2025-02-24 16:00:00
54,17,weekday,19,98.92,2025-02-24 17:00:00
54,18,weekday,24,148.31,2025-02-24 18:00:00
54,19,weekday,19,90.53,2025-02-24 19:00:00
54,20,weekday,15,76.27,2025-02-24 20:00:00
54,21,weekday,7,38.57,2025-02-24 21:00:00
54,22,weekday,8,32.02,2025-02-24 22:00:00
54,23,weekday,0,4.16,2025-02-24 23:00:00
55,0,weekday,0,5.01,2025-02-25 00:00:00
55,1,weekday,0,5.91,2025-02-25 01:00:00
55,2,weekday,1,9.26,2025-02-25 02:00:00
55,3,weekday,2,13.66,2025-02-25 03:00:00
55,4,weekday,5,17.86,2025-02-25 04:00:00
55,5,weekday,2,13.94,2025-02-25 05:00:00
55,6,weekday,3,21.77,2025-02-25 06:00:00
55,7,weekday,14,68.67,2025-02-25 07:00:00
55,8,weekday,17,66.17,2025-02-25 08:00:00
55,9,weekday,23,123.5,2025-02-25 09:00:00
55,10,weekday,16,84.11,2025-02-25 10:00:00
55,11,weekday,14,58.7,2025-02-25 11:00:00
55,12,weekday,16,75.75,2025-02-25 12:00:00
55,13,weekday,21,95.98,2025-02-25 13:00:00
55,14,weekday,14,66.68,2025-02-25 14:00:00
55,15,weekday,16,65.96,2025-02-25 15:00:00
55,16,weekday,21,104.74,2025-02-25 16:00:00
55,17,weekday,21,117.2,2025-02-25 17:00:00
55,18,weekday,22,101.14,2025-02-25 18:00:00
55,19,weekday,19,102.06,2025-02-25 19:00:00
55,20,weekday,12,72.09,2025-02-25 20:00:00
55,21,weekday,6,24.42,2025-02-25 21:00:00
55,22,weekday,2,10.11,2025-02-25 22:00:00
55,23,weekday,0,4.07,2025-02-25 23:00:00
56,0,weekday,0,4.78,2025-02-26 00:00:00
56,1,weekday,1,8.7,2025-02-26 01:00:00
56,2,weekday,1,10.12,2025-02-26 02:00:00
56,3,weekday,0,7.77,2025-02-26 03:00:00
56,4,weekday,0,7.75,2025-02-26 04:00:00
56,5,weekday,2,14.91,2025-02-26 05:00:00
56,6,weekday,3,19.53,2025-02-26 06:00:00
56,7,weekday,14,89.47,2025-02-26 07:00:00
56,8,weekday,19,86.34,2025-02-26 08:00:00
56,9,weekday,18,99.59,2025-02-26 09:00:00
56,10,weekday,18,87.43,2025-02-26 10:00:00
56,11,weekday,11,58.17,2025-02-26 11:00:00
56,12,weekday,12,57.81,2025-02-26 12:00:00
56,13,weekday,17,71.88,2025-02-26 13:00:00
56,14,weekday,13,49.64,2025-02-26 14:00:00
56,15,weekday,12,49.68,2025-02-26 15:00:00
56,16,weekday,21,117.9,2025-02-26 16:00:00
56,17,weekday,21,74.2,2025-02-26 17:00:00
56,18,weekday,23,120.09,2025-02-26 18:00:00
56,19,weekday,21,72.61,2025-02-26 19:00:00
56,20,weekday,15,93.2,2025-02-26 20:00:00
56,21,weekday,8,40.9,2025-02-26 21:00:00
56,22,weekday,0,3.18,2025-02-26 22:00:00
56,23,weekday,1,8.18,2025-02-26 23:00:00
57,0,holiday,2,10.8,2025-02-27 00:00:00
57,1,holiday,1,9.81,2025-02-27 01:00:00
57,2,holiday,0,6.16,2025-02-27 02:00:00
57,3,holiday,2,13.53,2025-02-27 03:00:00
57,4,holiday,3,14.23,2025-02-27 04:00:00
57,5,holiday,3,15.88,2025-02-27 05:00:00
57,6,holiday,7,33.49,2025-02-27 06:00:00
57,7,holiday,15,89.92,2025-02-27 07:00:00
57,8,holiday,25,114.56,2025-02-27 08:00:00
57,9,holiday,35,182.99,2025-02-27 09:00:00
57,10,holiday,52,239.03,2025-02-27 10:00:00
57,11,holiday,56,256.6,2025-02-27 11:00:00
57,12,holiday,60,147.03,2025-02-27 12:00:00
57,13,holiday,55,208.18,2025-02-27 13:00:00
57,14,holiday,42,193.8,2025-02-27 14:00:00
57,15,holiday,34,118.36,2025-02-27 15:00:00
57,16,holiday,24,103.75,2025-02-27 16:00:00
57,17,holiday,9,38.07,2025-02-27 17:00:00
57,18,holiday,7,38.89,2025-02-27 18:00:00
57,19,holiday,0,2.24,2025-02-27 19:00:00
57,20,holiday,5,27.47,2025-02-27 20:00:00
57,21,holiday,0,3.17,2025-02-27 21:00:00
57,22,holiday,1,6.14,2025-02-27 22:00:00
57,23,holiday,2,12.97,2025-02-27 23:00:00
58,0,weekday,3,14.24,2025-02-28 00:00:00
58,1,weekday,0,4.45,2025-02-28 01:00:00
58,2,weekday,1,10.9,2025-02-28 02:00:00
58,3,weekday,3,17.37,2025-02-28 03:00:00
58,4,weekday,0,6.03,2025-02-28 04:00:00
58,5,weekday,1,11.27,2025-02-28 05:00:00
58,6,weekday,5,29.53,2025-02-28 06:00:00
58,7,weekday,13,87.46,2025-02-28 07:00:00
58,8,weekday,18,69.87,2025-02-28 08:00:00
58,9,weekday,19,105.73,2025-02-28 09:00:00
58,10,weekday,14,53.77,2025-02-28 10:00:00
58,11,weekday,12,66.46,2025-02-28 11:00:00
58,12,weekday,16,54.48,2025-02-28 12:00:00
58,13,weekday,13,44.41,2025-02-28 13:00:00
58,14,weekday,14,50.01,2025-02-28 14:00:00
58,15,weekday,11,50.47,2025-02-28 15:00:00
58,16,weekday,19,81.64,2025-02-28 16:00:00
58,17,weekday,25,120.23,2025-02-28 17:00:00
58,18,weekday,24,104.24,2025-02-28 18:00:00
58,19,weekday,22,126.91,2025-02-28 19:00:00
58,20,weekday,13,61.17,2025-02-28 20:00:00
58,21,weekday,5,31.94,2025-02-28 21:00:00
58,22,weekday,2,9.19,2025-02-28 22:00:00
58,23,weekday,0,3.86,2025-02-28 23:00:00
59,0,weekday,0,4.62,2025-03-01 00:00:00
59,1,weekday,2,11.95,2025-03-01 01:00:00
59,2,weekday,1,10.04,2025-03-01 02:00:00
59,3,weekday,1,11.77,2025-03-01 03:00:00
59,4,weekday,0,7.74,2025-03-01 04:00:00
59,5,weekday,0,7.8,2025-03-01 05:00:00
59,6,weekday,7,27.47,2025-03-01 06:00:00
59,7,weekday,14,82.62,2025-03-01 07:00:00
59,8,weekday,23,128.62,2025-03-01 08:00:00
59,9,weekday,18,105.01,2025-03-01 09:00:00
59,10,weekday,17,69.75,2025-03-01 10:00:00
59,11,weekday,14,52.39,2025-03-01 11:00:00
59,12,weekday,16,90.41,2025-03-01 12:00:00
59,13,weekday,18,75.95,2025-03-01 13:00:00
59,14,weekday,16,54.86,2025-03-01 14:00:00
59,15,weekday,14,52.0,2025-03-01 15:00:00
59,16,weekday,17,66.95,2025-03-01 16:00:00
59,17,weekday,23,114.56,2025-03-01 17:00:00
59,18,weekday,25,138.74,2025-03-01 18:00:00
59,19,weekday,19,113.44,2025-03-01 19:00:00
59,20,weekday,13,73.37,2025-03-01 20:00:00
59,21,weekday,7,31.45,2025-03-01 21:00:00
59,22,weekday,0,3.04,2025-03-01 22:00:00
59,23,weekday,1,8.64,2025-03-01 23:00:00
60,0,weekday,1,7.79,2025-03-02 00:00:00
60,1,weekday,1,9.96,2025-03-02 01:00:00
60,2,weekday,2,13.47,2025-03-02 02:00:00
60,3,weekday,0,6.99,2025-03-02 03:00:00
60,4,weekday,3,17.05,2025-03-02 04:00:00
60,5,weekday,2,15.99,2025-03-02 05:00:00
60,6,weekday,2,16.34,2025-03-02 06:00:00
60,7,weekday,12,75.95,2025-03-02 07:00:00
60,8,weekday,22,134.69,2025-03-02 08:00:00
60,9,weekday,19,97.16,2025-03-02 09:00:00
60,10,weekday,18,89.04,2025-03-02 10:00:00
60,11,weekday,17,70.72,2025-03-02 11:00:00
60,12,weekday,16,59.9,2025-03-02 12:00:00
60,13,weekday,18,75.51,2025-03-02 13:00:00
60,14,weekday,15,49.91,2025-03-02 14:00:00
60,15,weekday,15,82.68,2025-03-02 15:00:00
60,16,weekday,16,67.93,2025-03-02 16:00:00
60,17,weekday,21,105.76,2025-03-02 17:00:00
60,18,weekday,26,132.71,2025-03-02 18:00:00
60,19,weekday,23,108.7,2025-03-02 19:00:00
60,20,weekday,16,80.99,2025-03-02 20:00:00
60,21,weekday,4,16.3,2025-03-02 21:00:00
60,22,weekday,2,12.01,2025-03-02 22:00:00
60,23,weekday,0,4.06,2025-03-02 23:00:00
61,0,weekend,0,5.69,2025-03-03 00:00:00
61,1,weekend,1,9.99,2025-03-03 01:00:00
61,2,weekend,0,5.29,2025-03-03 02:00:00
61,3,weekend,2,18.13,2025-03-03 03:00:00
61,4,weekend,2,14.23,2025-03-03 04:00:00
61,5,weekend,0,8.29,2025-03-03 05:00:00
61,6,weekend,3,19.58,2025-03-03 06:00:00
61,7,weekend,10,67.2,2025-03-03 07:00:00
61,8,weekend,15,80.94,2025-03-03 08:00:00
61,9,weekend,21,113.11,2025-03-03 09:00:00
61,10,weekend,24,116.14,2025-03-03 10:00:00
61,11,weekend,32,113.04,2025-03-03 11:00:00
61,12,weekend,34,155.82,2025-03-03 12:00:00
61,13,weekend,35,138.13,2025-03-03 13:00:00
61,14,weekend,35,159.78,2025-03-03 14:00:00
61,15,weekend,41,184.66,2025-03-03 15:00:00
61,16,weekend,32,109.23,2025-03-03 16:00:00
61,17,weekend,29,135.11,2025-03-03 17:00:00
61,18,weekend,24,136.05,2025-03-03 18:00:00
61,19,weekend,16,85.59,2025-03-03 19:00:00
61,20,weekend,6,32.47,2025-03-03 20:00:00
61,21,weekend,2,9.93,2025-03-03 21:00:00
61,22,weekend,1,7.4,2025-03-03 22:00:00
61,23,weekend,0,4.77,2025-03-03 23:00:00
62,0,weekend,5,25.99,2025-03-04 00:00:00
62,1,weekend,4,20.67,2025-03-04 01:00:00
62,2,weekend,3,19.48,2025-03-04 02:00:00
62,3,weekend,3,18.23,2025-03-04 03:00:00
62,4,weekend,0,7.71,2025-03-04 04:00:00
62,5,weekend,1,9.91,2025-03-04 05:00:00
62,6,weekend,0,9.03,2025-03-04 06:00:00
62,7,weekend,6,37.69,2025-03-04 07:00:00
62,8,weekend,11,65.33,2025-03-04 08:00:00
62,9,weekend,19,112.88,2025-03-04 09:00:00
62,10,weekend,24,158.35,2025-03-04 10:00:00
62,11,weekend,28,121.49,2025-03-04 11:00:00
62,12,weekend,35,163.89,2025-03-04 12:00:00
62,13,weekend,32,142.97,2025-03-04 13:00:00
62,14,weekend,35,143.91,2025-03-04 14:00:00
62,15,weekend,38,179.31,2025-03-04 15:00:00
62,16,weekend,35,144.0,2025-03-04 16:00:00
62,17,weekend,30,139.79,2025-03-04 17:00:00
62,18,weekend,23,123.83,2025-03-04 18:00:00
62,19,weekend,14,73.16,2025-03-04 19:00:00
62,20,weekend,6,30.4,2025-03-04 20:00:00
62,21,weekend,4,21.03,2025-03-04 21:00:00
62,22,weekend,4,21.21,2025-03-04 22:00:00
62,23,weekend,0,4.5,2025-03-04 23:00:00
63,0,weekday,0,5.33,2025-03-05 00:00:00
63,1,weekday,0,5.89,2025-03-05 01:00:00
63,2,weekday,0,6.83,2025-03-05 02:00:00
63,3,weekday,3,19.39,2025-03-05 03:00:00
63,4,weekday,4,20.14,2025-03-05 04:00:00
63,5,weekday,0,8.36,2025-03-05 05:00:00
63,6,weekday,6,27.71,2025-03-05 06:00:00
63,7,weekday,8,49.28,2025-03-05 07:00:00
63,8,weekday,20,119.58,2025-03-05 08:00:00
63,9,weekday,15,80.98,2025-03-05 09:00:00
63,10,weekday,15,82.08,2025-03-05 10:00:00
63,11,weekday,14,76.36,2025-03-05 11:00:00
63,12,weekday,13,63.67,2025-03-05 12:00:00
63,13,weekday,17,62.13,2025-03-05 13:00:00
63,14,weekday,16,69.25,2025-03-05 14:00:00
63,15,weekday,10,39.87,2025-03-05 15:00:00
63,16,weekday,14,51.95,2025-03-05 16:00:00
63,17,weekday,22,128.47,2025-03-05 17:00:00
63,18,weekday,25,119.24,2025-03-05 18:00:00
63,19,weekday,21,90.95,2025-03-05 19:00:00
63,20,weekday,14,76.33,2025-03-05 20:00:00
63,21,weekday,9,53.99,2025-03-05 21:00:00
63,22,weekday,2,10.23,2025-03-05 22:00:00
63,23,weekday,0,4.08,2025-03-05 23:00:00
64,0,weekday,0,5.12,2025-03-06 00:00:00
64,1,weekday,2,8.99,2025-03-06 01:00:00
64,2,weekday,0,5.78,2025-03-06 02:00:00
64,3,weekday,1,11.14,2025-03-06 03:00:00
64,4,weekday,3,21.08,2025-03-06 04:00:00
64,5,weekday,4,18.55,2025-03-06 05:00:00
64,6,weekday,7,32.05,2025-03-06 06:00:00
64,7,weekday,11,48.47,2025-03-06 07:00:00
64,8,weekday,17,81.15,2025-03-06 08:00:00
64,9,weekday,21,108.7,2025-03-06 09:00:00
64,10,weekday,15,67.48,2025-03-06 10:00:00
64,11,weekday,15,69.86,2025-03-06 11:00:00
64,12,weekday,13,64.29,2025-03-06 12:00:00
64,13,weekday,17,89.09,2025-03-06 13:00:00
64,14,weekday,17,83.47,2025-03-06 14:00:00
64,15,weekday,14,64.89,2025-03-06 15:00:00
64,16,weekday,18,86.45,2025-03-06 16:00:00
64,17,weekday,24,118.44,2025-03-06 17:00:00
64,18,weekday,24,95.99,2025-03-06 18:00:00
64,19,weekday,25,119.18,2025-03-06 19:00:00
64,20,weekday,14,82.7,2025-03-06 20:00:00
64,21,weekday,10,40.96,2025-03-06 21:00:00
64,22,weekday,3,12.09,2025-03-06 22:00:00
64,23,weekday,1,8.25,2025-03-06 23:00:00
65,0,weekday,0,5.31,2025-03-07 00:00:00
65,1,weekday,2,13.41,2025-03-07 01:00:00
65,2,weekday,4,20.49,2025-03-07 02:00:00
65,3,weekday,0,7.2,2025-03-07 03:00:00
65,4,weekday,3,17.36,2025-03-07 04:00:00
65,5,weekday,0,8.18,2025-03-07 05:00:00
65,6,weekday,2,14.51,2025-03-07 06:00:00
65,7,weekday,14,76.47,2025-03-07 07:00:00
65,8,weekday,21,102.0,2025-03-07 08:00:00
65,9,weekday,21,99.08,2025-03-07 09:00:00
65,10,weekday,18,102.42,2025-03-07 10:00:00
65,11,weekday,11,54.59,2025-03-07 11:00:00
65,12,weekday,9,45.13,2025-03-07 12:00:00
65,13,weekday,18,45.12,2025-03-07 13:00:00
65,14,weekday,16,57.66,2025-03-07 14:00:00
65,15,weekday,13,67.45,2025-03-07 15:00:00
65,16,weekday,19,58.34,2025-03-07 16:00:00
65,17,weekday,22,104.5,2025-03-07 17:00:00
65,18,weekday,24,122.29,2025-03-07 18:00:00
65,19,weekday,18,73.24,2025-03-07 19:00:00
65,20,weekday,10,58.73,2025-03-07 20:00:00
65,21,weekday,7,26.41,2025-03-07 21:00:00
65,22,weekday,2,8.7,2025-03-07 22:00:00
65,23,weekday,2,11.47,2025-03-07 23:00:00
66,0,weekday,0,4.79,2025-03-08 00:00:00
66,1,weekday,2,13.88,2025-03-08 01:00:00
66,2,weekday,0,6.48,2025-03-08 02:00:00
66,3,weekday,0,6.95,2025-03-08 03:00:00
66,4,weekday,0,8.52,2025-03-08 04:00:00
66,5,weekday,3,18.37,2025-03-08 05:00:00
66,6,weekday,5,25.04,2025-03-08 06:00:00
66,7,weekday,11,48.93,2025-03-08 07:00:00
66,8,weekday,20,117.54,2025-03-08 08:00:00
66,9,weekday,19,110.86,2025-03-08 09:00:00
66,10,weekday,16,86.17,2025-03-08 10:00:00
66,11,weekday,12,60.13,2025-03-08 11:00:00
66,12,weekday,14,73.68,2025-03-08 12:00:00
66,13,weekday,15,72.82,2025-03-08 13:00:00
66,14,weekday,14,57.49,2025-03-08 14:00:00
66,15,weekday,16,70.74,2025-03-08 15:00:00
66,16,weekday,16,54.32,2025-03-08 16:00:00
66,17,weekday,21,82.33,2025-03-08 17:00:00
66,18,weekday,23,119.02,2025-03-08 18:00:00
66,19,weekday,23,160.21,2025-03-08 19:00:00
66,20,weekday,13,71.59,2025-03-08 20:00:00
66,21,weekday,4,18.69,2025-03-08 21:00:00
66,22,weekday,4,16.61,2025-03-08 22:00:00
66,23,weekday,0,3.82,2025-03-08 23:00:00
67,0,weekend,0,5.38,2025-03-09 00:00:00
67,1,weekend,0,6.89,2025-03-09 01:00:00
67,2,weekend,1,9.19,2025-03-09 02:00:00
67,3,weekend,0,7.02,2025-03-09 03:00:00
67,4,weekend,0,6.06,2025-03-09 04:00:00
67,5,weekend,0,8.47,2025-03-09 05:00:00
67,6,weekend,2,12.62,2025-03-09 06:00:00
67,7,weekend,6,43.84,2025-03-09 07:00:00
67,8,weekend,12,64.06,2025-03-09 08:00:00
67,9,weekend,18,108.24,2025-03-09 09:00:00
67,10,weekend,28,125.64,2025-03-09 10:00:00
67,11,weekend,31,140.86,2025-03-09 11:00:00
67,12,weekend,36,206.93,2025-03-09 12:00:00
67,13,weekend,36,190.46,2025-03-09 13:00:00
67,14,weekend,38,148.01,2025-03-09 14:00:00
67,15,weekend,38,142.82,2025-03-09 15:00:00
67,16,weekend,38,157.32,2025-03-09 16:00:00
67,17,weekend,34,176.66,2025-03-09 17:00:00
67,18,weekend,24,149.59,2025-03-09 18:00:00
67,19,weekend,13,68.42,2025-03-09 19:00:00
67,20,weekend,9,54.17,2025-03-09 20:00:00
67,21,weekend,6,22.28,2025-03-09 21:00:00
67,22,weekend,1,7.34,2025-03-09 22:00:00
67,23,weekend,3,17.23,2025-03-09 23:00:00
68,0,weekday,3,16.58,2025-03-10 00:00:00
68,1,weekday,1,8.77,2025-03-10 01:00:00
68,2,weekday,2,14.71,2025-03-10 02:00:00
68,3,weekday,0,7.83,2025-03-10 03:00:00
68,4,weekday,1,12.34,2025-03-10 04:00:00
68,5,weekday,0,5.22,2025-03-10 05:00:00
68,6,weekday,4,17.71,2025-03-10 06:00:00
68,7,weekday,10,43.58,2025-03-10 07:00:00
68,8,weekday,19,138.55,2025-03-10 08:00:00
68,9,weekday,21,92.32,2025-03-10 09:00:00
68,10,weekday,16,107.98,2025-03-10 10:00:00
68,11,weekday,15,66.43,2025-03-10 11:00:00
68,12,weekday,20,85.89,2025-03-10 12:00:00
68,13,weekday,15,44.55,2025-03-10 13:00:00
68,14,weekday,16,64.89,2025-03-10 14:00:00
68,15,weekday,15,66.06,2025-03-10 15:00:00
68,16,weekday,17,57.97,2025-03-10 16:00:00
68,17,weekday,20,130.37,2025-03-10 17:00:00
68,18,weekday,23,125.63,2025-03-10 18:00:00
68,19,weekday,20,106.06,2025-03-10 19:00:00
68,20,weekday,13,73.89,2025-03-10 20:00:00
68,21,weekday,8,38.77,2025-03-10 21:00:00
68,22,weekday,4,16.43,2025-03-10 22:00:00
68,23,weekday,1,7.06,2025-03-10 23:00:00
69,0,weekday,5,18.09,2025-03-11 00:00:00
69,1,weekday,0,5.79,2025-03-11 01:00:00
69,2,weekday,0,7.07,2025-03-11 02:00:00
69,3,weekday,2,18.73,2025-03-11 03:00:00
69,4,weekday,5,28.76,2025-03-11 04:00:00
69,5,weekday,2,12.11,2025-03-11 05:00:00
69,6,weekday,4,23.11,2025-03-11 06:00:00
69,7,weekday,14,66.11,2025-03-11 07:00:00
69,8,weekday,22,126.1,2025-03-11 08:00:00
69,9,weekday,21,111.25,2025-03-11 09:00:00
69,10,weekday,14,76.2,2025-03-11 10:00:00
69,11,weekday,13,56.71,2025-03-11 11:00:00
69,12,weekday,13,61.77,2025-03-11 12:00:00
69,13,weekday,13,60.68,2025-03-11 13:00:00
69,14,weekday,16,79.51,2025-03-11 14:00:00
69,15,weekday,16,61.8,2025-03-11 15:00:00
69,16,weekday,19,73.59,2025-03-11 16:00:00
69,17,weekday,22,126.46,2025-03-11 17:00:00
69,18,weekday,24,119.95,2025-03-11 18:00:00
69,19,weekday,21,93.98,2025-03-11 19:00:00
69,20,weekday,16,97.08,2025-03-11 20:00:00
69,21,weekday,8,33.57,2025-03-11 21:00:00
69,22,weekday,0,2.92,2025-03-11 22:00:00
69,23,weekday,4,17.33,2025-03-11 23:00:00
70,0,weekday,1,9.37,2025-03-12 00:00:00
70,1,weekday,0,5.31,2025-03-12 01:00:00
70,2,weekday,2,15.04,2025-03-12 02:00:00
70,3,weekday,3,19.36,2025-03-12 03:00:00
70,4,weekday,1,11.11,2025-03-12 04:00:00
70,5,weekday,0,7.58,2025-03-12 05:00:00
70,6,weekday,6,24.69,2025-03-12 06:00:00
70,7,weekday,8,59.65,2025-03-12 07:00:00
70,8,weekday,18,82.33,2025-03-12 08:00:00
70,9,weekday,19,104.3,2025-03-12 09:00:00
70,10,weekday,16,86.92,2025-03-12 10:00:00
70,11,weekday,14,63.97,2025-03-12 11:00:00
70,12,weekday,15,70.58,2025-03-12 12:00:00
70,13,weekday,19,83.14,2025-03-12 13:00:00
70,14,weekday,15,68.39,2025-03-12 14:00:00
70,15,weekday,14,67.16,2025-03-12 15:00:00
70,16,weekday,18,93.75,2025-03-12 16:00:00
70,17,weekday,20,113.32,2025-03-12 17:00:00
70,18,weekday,21,110.01,2025-03-12 18:00:00
70,19,weekday,17,79.08,2025-03-12 19:00:00
70,20,weekday,12,47.98,2025-03-12 20:00:00
70,21,weekday,6,36.05,2025-03-12 21:00:00
70,22,weekday,1,6.54,2025-03-12 22:00:00
70,23,weekday,0,4.35,2025-03-12 23:00:00
71,0,weekday,2,11.04,2025-03-13 00:00:00
71,1,weekday,0,5.79,2025-03-13 01:00:00
71,2,weekday,1,9.63,2025-03-13 02:00:00
71,3,weekday,1,8.37,2025-03-13 03:00:00
71,4,weekday,0,6.76,2025-03-13 04:00:00
71,5,weekday,4,21.03,2025-03-13 05:00:00
71,6,weekday,6,21.75,2025-03-13 06:00:00
71,7,weekday,11,64.7,2025-03-13 07:00:00
71,8,weekday,18,100.12,2025-03-13 08:00:00
71,9,weekday,20,118.34,2025-03-13 09:00:00
71,10,weekday,21,134.93,2025-03-13 10:00:00
71,11,weekday,12,52.26,2025-03-13 11:00:00
71,12,weekday,14,57.28,2025-03-13 12:00:00
71,13,weekday,17,82.47,2025-03-13 13:00:00
71,14,weekday,16,63.68,2025-03-13 14:00:00
71,15,weekday,13,65.71,2025-03-13 15:00:00
71,16,weekday,17,92.33,2025-03-13 16:00:00
71,17,weekday,20,103.6,2025-03-13 17:00:00
71,18,weekday,25,166.21,2025-03-13 18:00:00
71,19,weekday,22,99.64,2025-03-13 19:00:00
71,20,weekday,15,74.75,2025-03-13 20:00:00
71,21,weekday,10,50.08,2025-03-13 21:00:00
71,22,weekday,3,14.43,2025-03-13 22:00:00
71,23,weekday,2,11.79,2025-03-13 23:00:00
72,0,weekday,2,12.32,2025-03-14 00:00:00
72,1,weekday,2,13.76,2025-03-14 01:00:00
72,2,weekday,0,5.31,2025-03-14 02:00:00
72,3,weekday,0,6.78,2025-03-14 03:00:00
72,4,weekday,2,10.35,2025-03-14 04:00:00
72,5,weekday,0,8.17,2025-03-14 05:00:00
72,6,weekday,3,18.01,2025-03-14 06:00:00
72,7,weekday,13,63.61,2025-03-14 07:00:00
72,8,weekday,18,107.34,2025-03-14 08:00:00
72,9,weekday,23,101.19,2025-03-14 09:00:00
72,10,weekday,20,116.26,2025-03-14 10:00:00
72,11,weekday,12,52.87,2025-03-14 11:00:00
72,12,weekday,15,61.72,2025-03-14 12:00:00
72,13,weekday,14,74.87,2025-03-14 13:00:00
72,14,weekday,17,93.24,2025-03-14 14:00:00
72,15,weekday,14,51.24,2025-03-14 15:00:00
72,16,weekday,16,73.82,2025-03-14 16:00:00
72,17,weekday,18,113.79,2025-03-14 17:00:00
72,18,weekday,25,121.19,2025-03-14 18:00:00
72,19,weekday,21,98.16,2025-03-14 19:00:00
72,20,weekday,11,62.41,2025-03-14 20:00:00
72,21,weekday,6,26.55,2025-03-14 21:00:00
72,22,weekday,2,9.89,2025-03-14 22:00:00
72,23,weekday,3,13.09,2025-03-14 23:00:00
73,0,weekend,3,16.06,2025-03-15 00:00:00
73,1,weekend,1,9.36,2025-03-15 01:00:00
73,2,weekend,2,11.65,2025-03-15 02:00:00
73,3,weekend,0,8.14,2025-03-15 03:00:00
73,4,weekend,0,7.13,2025-03-15 04:00:00
73,5,weekend,0,8.63,2025-03-15 05:00:00
73,6,weekend,1,9.25,2025-03-15 06:00:00
73,7,weekend,6,44.56,2025-03-15 07:00:00
73,8,weekend,12,43.35,2025-03-15 08:00:00
73,9,weekend,20,117.08,2025-03-15 09:00:00
73,10,weekend,27,144.08,2025-03-15 10:00:00
73,11,weekend,33,111.9,2025-03-15 11:00:00
73,12,weekend,30,127.4,2025-03-15 12:00:00
73,13,weekend,35,135.07,2025-03-15 13:00:00
73,14,weekend,36,158.05,2025-03-15 14:00:00
73,15,weekend,37,180.92,2025-03-15 15:00:00
73,16,weekend,34,114.47,2025-03-15 16:00:00
73,17,weekend,31,176.87,2025-03-15 17:00:00
73,18,weekend,29,129.74,2025-03-15 18:00:00
73,19,weekend,15,68.11,2025-03-15 19:00:00
73,20,weekend,7,46.38,2025-03-15 20:00:00
73,21,weekend,4,17.66,2025-03-15 21:00:00
73,22,weekend,0,3.21,2025-03-15 22:00:00
73,23,weekend,1,7.89,2025-03-15 23:00:00
74,0,weekday,3,14.95,2025-03-16 00:00:00
74,1,weekday,0,5.91,2025-03-16 01:00:00
74,2,weekday,1,8.75,2025-03-16 02:00:00
74,3,weekday,0,6.05,2025-03-16 03:00:00
74,4,weekday,1,11.56,2025-03-16 04:00:00
74,5,weekday,0,7.51,2025-03-16 05:00:00
74,6,weekday,2,15.87,2025-03-16 06:00:00
74,7,weekday,11,60.59,2025-03-16 07:00:00
74,8,weekday,18,97.46,2025-03-16 08:00:00
74,9,weekday,21,98.95,2025-03-16 09:00:00
74,10,weekday,10,58.39,2025-03-16 10:00:00
74,11,weekday,8,33.51,2025-03-16 11:00:00
74,12,weekday,11,56.98,2025-03-16 12:00:00
74,13,weekday,17,56.34,2025-03-16 13:00:00
74,14,weekday,14,54.75,2025-03-16 14:00:00
74,15,weekday,13,63.84,2025-03-16 15:00:00
74,16,weekday,19,100.79,2025-03-16 16:00:00
74,17,weekday,24,114.12,2025-03-16 17:00:00
74,18,weekday,26,118.36,2025-03-16 18:00:00
74,19,weekday,23,103.73,2025-03-16 19:00:00
74,20,weekday,10,51.25,2025-03-16 20:00:00
74,21,weekday,10,44.86,2025-03-16 21:00:00
74,22,weekday,4,18.68,2025-03-16 22:00:00
74,23,weekday,0,4.42,2025-03-16 23:00:00
75,0,weekday,0,4.89,2025-03-17 00:00:00
75,1,weekday,1,10.34,2025-03-17 01:00:00
75,2,weekday,5,24.92,2025-03-17 02:00:00
75,3,weekday,1,10.79,2025-03-17 03:00:00
75,4,weekday,1,10.27,2025-03-17 04:00:00
75,5,weekday,0,8.87,2025-03-17 05:00:00
75,6,weekday,4,25.77,2025-03-17 06:00:00
75,7,weekday,10,52.9,2025-03-17 07:00:00
75,8,weekday,15,99.97,2025-03-17 08:00:00
75,9,weekday,22,98.91,2025-03-17 09:00:00
75,10,weekday,15,75.63,2025-03-17 10:00:00
75,11,weekday,8,38.08,2025-03-17 11:00:00
75,12,weekday,14,72.52,2025-03-17 12:00:00
75,13,weekday,16,63.88,2025-03-17 13:00:00
75,14,weekday,17,66.93,2025-03-17 14:00:00
75,15,weekday,12,46.16,2025-03-17 15:00:00
75,16,weekday,19,70.09,2025-03-17 16:00:00
75,17,weekday,21,116.68,2025-03-17 17:00:00
75,18,weekday,23,133.97,2025-03-17 18:00:00
75,19,weekday,19,109.81,2025-03-17 19:00:00
75,20,weekday,14,75.46,2025-03-17 20:00:00
75,21,weekday,7,32.6,2025-03-17 21:00:00
75,22,weekday,6,31.55,2025-03-17 22:00:00
75,23,weekday,0,3.38,2025-03-17 23:00:00
76,0,weekday,3,19.25,2025-03-18 00:00:00
76,1,weekday,0,5.26,2025-03-18 01:00:00
76,2,weekday,3,18.54,2025-03-18 02:00:00
76,3,weekday,1,6.3,2025-03-18 03:00:00
76,4,weekday,1,11.55,2025-03-18 04:00:00
76,5,weekday,0,8.12,2025-03-18 05:00:00
76,6,weekday,4,21.25,2025-03-18 06:00:00
76,7,weekday,12,61.99,2025-03-18 07:00:00
76,8,weekday,19,116.37,2025-03-18 08:00:00
76,9,weekday,18,87.81,2025-03-18 09:00:00
76,10,weekday,17,91.19,2025-03-18 10:00:00
76,11,weekday,17,82.72,2025-03-18 11:00:00
76,12,weekday,13,83.9,2025-03-18 12:00:00
76,13,weekday,15,65.98,2025-03-18 13:00:00
76,14,weekday,16,70.51,2025-03-18 14:00:00
76,15,weekday,14,69.95,2025-03-18 15:00:00
76,16,weekday,15,73.03,2025-03-18 16:00:00
76,17,weekday,21,111.75,2025-03-18 17:00:00
76,18,weekday,23,125.21,2025-03-18 18:00:00
76,19,weekday,18,88.78,2025-03-18 19:00:00
76,20,weekday,16,84.32,2025-03-18 20:00:00
76,21,weekday,5,26.21,2025-03-18 21:00:00
76,22,weekday,1,6.2,2025-03-18 22:00:00
76,23,weekday,0,4.31,2025-03-18 23:00:00
77,0,weekday,0,6.03,2025-03-19 00:00:00
77,1,weekday,1,10.45,2025-03-19 01:00:00
77,2,weekday,0,5.92,2025-03-19 02:00:00
77,3,weekday,2,14.72,2025-03-19 03:00:00
77,4,weekday,0,9.5,2025-03-19 04:00:00
77,5,weekday,0,8.12,2025-03-19 05:00:00
77,6,weekday,6,18.48,2025-03-19 06:00:00
77,7,weekday,15,69.17,2025-03-19 07:00:00
77,8,weekday,18,127.81,2025-03-19 08:00:00
77,9,weekday,23,121.7,2025-03-19 09:00:00
77,10,weekday,16,83.87,2025-03-19 10:00:00
77,11,weekday,11,55.57,2025-03-19 11:00:00
77,12,weekday,17,71.93,2025-03-19 12:00:00
77,13,weekday,14,51.87,2025-03-19 13:00:00
77,14,weekday,15,63.87,2025-03-19 14:00:00
77,15,weekday,17,74.23,2025-03-19 15:00:00
77,16,weekday,23,91.73,2025-03-19 16:00:00
77,17,weekday,28,127.64,2025-03-19 17:00:00
77,18,weekday,24,140.74,2025-03-19 18:00:00
77,19,weekday,20,90.62,2025-03-19 19:00:00
77,20,weekday,12,58.39,2025-03-19 20:00:00
77,21,weekday,4,20.16,2025-03-19 21:00:00
77,22,weekday,0,3.53,2025-03-19 22:00:00
77,23,weekday,0,3.69,2025-03-19 23:00:00
78,0,weekend,1,7.98,2025-03-20 00:00:00
78,1,weekend,0,5.56,2025-03-20 01:00:00
78,2,weekend,0,6.04,2025-03-20 02:00:00
78,3,weekend,1,10.68,2025-03-20 03:00:00
78,4,weekend,5,25.36,2025-03-20 04:00:00
78,5,weekend,3,18.93,2025-03-20 05:00:00
78,6,weekend,0,8.12,2025-03-20 06:00:00
78,7,weekend,6,38.23,2025-03-20 07:00:00
78,8,weekend,14,77.32,2025-03-20 08:00:00
78,9,weekend,21,118.18,2025-03-20 09:00:00
78,10,weekend,25,106.47,2025-03-20 10:00:00
78,11,weekend,30,120.65,2025-03-20 11:00:00
78,12,weekend,33,96.81,2025-03-20 12:00:00
78,13,weekend,33,149.76,2025-03-20 13:00:00
78,14,weekend,36,143.06,2025-03-20 14:00:00
78,15,weekend,39,162.79,2025-03-20 15:00:00
78,16,weekend,39,163.99,2025-03-20 16:00:00
78,17,weekend,33,214.88,2025-03-20 17:00:00
78,18,weekend,24,128.61,2025-03-20 18:00:00
78,19,weekend,17,78.39,2025-03-20 19:00:00
78,20,weekend,4,19.68,2025-03-20 20:00:00
78,21,weekend,5,19.69,2025-03-20 21:00:00
78,22,weekend,3,10.33,2025-03-20 22:00:00
78,23,weekend,1,7.38,2025-03-20 23:00:00
79,0,holiday,1,9.04,2025-03-21 00:00:00
79,1,holiday,1,7.52,2025-03-21 01:00:00
79,2,holiday,4,22.0,2025-03-21 02:00:00
79,3,holiday,0,6.01,2025-03-21 03:00:00
79,4,holiday,2,14.43,2025-03-21 04:00:00
79,5,holiday,5,21.61,2025-03-21 05:00:00
79,6,holiday,9,44.42,2025-03-21 06:00:00
79,7,holiday,16,107.54,2025-03-21 07:00:00
79,8,holiday,21,91.27,2025-03-21 08:00:00
79,9,holiday,31,168.59,2025-03-21 09:00:00
79,10,holiday,47,300.0,2025-03-21 10:00:00
79,11,holiday,56,231.42,2025-03-21 11:00:00
79,12,holiday,60,239.58,2025-03-21 12:00:00
79,13,holiday,60,285.55,2025-03-21 13:00:00
79,14,holiday,43,236.62,2025-03-21 14:00:00
79,15,holiday,35,191.67,2025-03-21 15:00:00
79,16,holiday,25,70.8,2025-03-21 16:00:00
79,17,holiday,16,78.51,2025-03-21 17:00:00
79,18,holiday,5,26.58,2025-03-21 18:00:00
79,19,holiday,4,23.24,2025-03-21 19:00:00
79,20,holiday,0,2.37,2025-03-21 20:00:00
79,21,holiday,1,8.3,2025-03-21 21:00:00
79,22,holiday,0,3.04,2025-03-21 22:00:00
79,23,holiday,2,10.76,2025-03-21 23:00:00
80,0,weekend,0,5.4,2025-03-22 00:00:00
80,1,weekend,0,7.07,2025-03-22 01:00:00
80,2,weekend,0,6.45,2025-03-22 02:00:00
80,3,weekend,3,16.73,2025-03-22 03:00:00
80,4,weekend,0,6.77,2025-03-22 04:00:00
80,5,weekend,4,14.67,2025-03-22 05:00:00
80,6,weekend,2,16.77,2025-03-22 06:00:00
80,7,weekend,5,33.93,2025-03-22 07:00:00
80,8,weekend,10,55.8,2025-03-22 08:00:00
80,9,weekend,20,89.87,2025-03-22 09:00:00
80,10,weekend,27,110.31,2025-03-22 10:00:00
80,11,weekend,33,181.83,2025-03-22 11:00:00
80,12,weekend,35,138.04,2025-03-22 12:00:00
80,13,weekend,33,117.11,2025-03-22 13:00:00
80,14,weekend,39,142.5,2025-03-22 14:00:00
80,15,weekend,37,124.72,2025-03-22 15:00:00
80,16,weekend,38,132.43,2025-03-22 16:00:00
80,17,weekend,29,152.56,2025-03-22 17:00:00
80,18,weekend,26,166.55,2025-03-22 18:00:00
80,19,weekend,15,64.45,2025-03-22 19:00:00
80,20,weekend,13,51.17,2025-03-22 20:00:00
80,21,weekend,3,13.27,2025-03-22 21:00:00
80,22,weekend,0,3.17,2025-03-22 22:00:00
80,23,weekend,4,19.38,2025-03-22 23:00:00
81,0,weekend,0,5.48,2025-03-23 00:00:00
81,1,weekend,0,5.01,2025-03-23 01:00:00
81,2,weekend,3,18.47,2025-03-23 02:00:00
81,3,weekend,1,9.05,2025-03-23 03:00:00
81,4,weekend,2,16.78,2025-03-23 04:00:00
81,5,weekend,2,12.95,2025-03-23 05:00:00
81,6,weekend,3,19.71,2025-03-23 06:00:00
81,7,weekend,8,41.99,2025-03-23 07:00:00
81,8,weekend,15,80.77,2025-03-23 08:00:00
81,9,weekend,21,91.35,2025-03-23 09:00:00
81,10,weekend,27,139.65,2025-03-23 10:00:00
81,11,weekend,33,102.68,2025-03-23 11:00:00
81,12,weekend,34,135.37,2025-03-23 12:00:00
81,13,weekend,37,183.64,2025-03-23 13:00:00
81,14,weekend,36,153.61,2025-03-23 14:00:00
81,15,weekend,42,209.61,2025-03-23 15:00:00
81,16,weekend,36,158.64,2025-03-23 16:00:00
81,17,weekend,32,198.4,2025-03-23 17:00:00
81,18,weekend,25,135.25,2025-03-23 18:00:00
81,19,weekend,16,64.14,2025-03-23 19:00:00
81,20,weekend,10,59.74,2025-03-23 20:00:00
81,21,weekend,5,25.72,2025-03-23 21:00:00
81,22,weekend,0,4.34,2025-03-23 22:00:00
81,23,weekend,1,7.64,2025-03-23 23:00:00
82,0,weekday,2,13.85,2025-03-24 00:00:00
82,1,weekday,0,4.92,2025-03-24 01:00:00
82,2,weekday,0,5.7,2025-03-24 02:00:00
82,3,weekday,2,15.04,2025-03-24 03:00:00
82,4,weekday,0,6.29,2025-03-24 04:00:00
82,5,weekday,0,7.38,2025-03-24 05:00:00
82,6,weekday,7,27.57,2025-03-24 06:00:00
82,7,weekday,13,90.9,2025-03-24 07:00:00
82,8,weekday,21,127.67,2025-03-24 08:00:00
82,9,weekday,20,127.72,2025-03-24 09:00:00
82,10,weekday,13,75.52,2025-03-24 10:00:00
82,11,weekday,12,54.85,2025-03-24 11:00:00
82,12,weekday,14,56.56,2025-03-24 12:00:00
82,13,weekday,12,48.41,2025-03-24 13:00:00
82,14,weekday,16,75.65,2025-03-24 14:00:00
82,15,weekday,13,55.23,2025-03-24 15:00:00
82,16,weekday,19,95.69,2025-03-24 16:00:00
82,17,weekday,24,148.85,2025-03-24 17:00:00
82,18,weekday,23,136.36,2025-03-24 18:00:00
82,19,weekday,22,92.45,2025-03-24 19:00:00
82,20,weekday,16,80.45,2025-03-24 20:00:00
82,21,weekday,8,36.49,2025-03-24 21:00:00
82,22,weekday,5,25.74,2025-03-24 22:00:00
82,23,weekday,6,29.61,2025-03-24 23:00:00
83,0,holiday,1,8.33,2025-03-25 00:00:00
83,1,holiday,5,22.78,2025-03-25 01:00:00
83,2,holiday,0,7.18,2025-03-25 02:00:00
83,3,holiday,0,5.83,2025-03-25 03:00:00
83,4,holiday,2,17.92,2025-03-25 04:00:00
83,5,holiday,2,12.61,2025-03-25 05:00:00
83,6,holiday,5,32.62,2025-03-25 06:00:00
83,7,holiday,15,91.68,2025-03-25 07:00:00
83,8,holiday,24,119.77,2025-03-25 08:00:00
83,9,holiday,33,174.76,2025-03-25 09:00:00
83,10,holiday,49,248.39,2025-03-25 10:00:00
83,11,holiday,55,259.26,2025-03-25 11:00:00
83,12,holiday,57,253.03,2025-03-25 12:00:00
83,13,holiday,55,230.1,2025-03-25 13:00:00
83,14,holiday,45,176.74,2025-03-25 14:00:00
83,15,holiday,38,173.58,2025-03-25 15:00:00
83,16,holiday,25,113.66,2025-03-25 16:00:00
83,17,holiday,12,57.66,2025-03-25 17:00:00
83,18,holiday,7,37.48,2025-03-25 18:00:00
83,19,holiday,2,12.03,2025-03-25 19:00:00
83,20,holiday,1,6.78,2025-03-25 20:00:00
83,21,holiday,1,6.9,2025-03-25 21:00:00
83,22,holiday,3,13.85,2025-03-25 22:00:00
83,23,holiday,0,3.95,2025-03-25 23:00:00
84,0,weekday,0,4.3,2025-03-26 00:00:00
84,1,weekday,0,5.79,2025-03-26 01:00:00
84,2,weekday,0,4.83,2025-03-26 02:00:00
84,3,weekday,0,9.01,2025-03-26 03:00:00
84,4,weekday,0,8.77,2025-03-26 04:00:00
84,5,weekday,3,16.63,2025-03-26 05:00:00
84,6,weekday,3,18.88,2025-03-26 06:00:00
84,7,weekday,11,65.65,2025-03-26 07:00:00
84,8,weekday,17,71.93,2025-03-26 08:00:00
84,9,weekday,21,106.07,2025-03-26 09:00:00
84,10,weekday,13,59.56,2025-03-26 10:00:00
84,11,weekday,16,59.21,2025-03-26 11:00:00
84,12,weekday,11,63.02,2025-03-26 12:00:00
84,13,weekday,14,69.18,2025-03-26 13:00:00
84,14,weekday,16,69.91,2025-03-26 14:00:00
84,15,weekday,15,71.52,2025-03-26 15:00:00
84,16,weekday,20,78.0,2025-03-26 16:00:00
84,17,weekday,22,130.44,2025-03-26 17:00:00
84,18,weekday,24,81.46,2025-03-26 18:00:00
84,19,weekday,18,84.43,2025-03-26 19:00:00
84,20,weekday,11,52.51,2025-03-26 20:00:00
84,21,weekday,5,26.84,2025-03-26 21:00:00
84,22,weekday,7,34.76,2025-03-26 22:00:00
84,23,weekday,0,3.28,2025-03-26 23:00:00
85,0,holiday,0,4.46,2025-03-27 00:00:00
85,1,holiday,0,4.95,2025-03-27 01:00:00
85,2,holiday,0,7.44,2025-03-27 02:00:00
85,3,holiday,1,12.99,2025-03-27 03:00:00
85,4,holiday,2,11.94,2025-03-27 04:00:00
85,5,holiday,4,21.16,2025-03-27 05:00:00
85,6,holiday,8,34.35,2025-03-27 06:00:00
85,7,holiday,9,58.16,2025-03-27 07:00:00
85,8,holiday,23,111.92,2025-03-27 08:00:00
85,9,holiday,37,167.62,2025-03-27 09:00:00
85,10,holiday,50,255.11,2025-03-27 10:00:00
85,11,holiday,57,275.62,2025-03-27 11:00:00
85,12,holiday,56,242.16,2025-03-27 12:00:00
85,13,holiday,56,300.0,2025-03-27 13:00:00
85,14,holiday,47,192.08,2025-03-27 14:00:00
85,15,holiday,33,124.72,2025-03-27 15:00:00
85,16,holiday,27,120.78,2025-03-27 16:00:00
85,17,holiday,15,74.73,2025-03-27 17:00:00
85,18,holiday,8,50.33,2025-03-27 18:00:00
85,19,holiday,4,23.44,2025-03-27 19:00:00
85,20,holiday,1,6.63,2025-03-27 20:00:00
85,21,holiday,1,7.23,2025-03-27 21:00:00
85,22,holiday,0,3.55,2025-03-27 22:00:00
85,23,holiday,1,8.98,2025-03-27 23:00:00
86,0,weekday,2,10.95,2025-03-28 00:00:00
86,1,weekday,0,6.24,2025-03-28 01:00:00
86,2,weekday,4,21.32,2025-03-28 02:00:00
86,3,weekday,3,15.1,2025-03-28 03:00:00
86,4,weekday,0,6.8,2025-03-28 04:00:00
86,5,weekday,0,7.81,2025-03-28 05:00:00
86,6,weekday,5,22.85,2025-03-28 06:00:00
86,7,weekday,13,80.42,2025-03-28 07:00:00
86,8,weekday,22,123.04,2025-03-28 08:00:00
86,9,weekday,18,101.48,2025-03-28 09:00:00
86,10,weekday,17,82.57,2025-03-28 10:00:00
86,11,weekday,16,86.49,2025-03-28 11:00:00
86,12,weekday,14,71.9,2025-03-28 12:00:00
86,13,weekday,17,63.33,2025-03-28 13:00:00
86,14,weekday,18,78.21,2025-03-28 14:00:00
86,15,weekday,12,57.9,2025-03-28 15:00:00
86,16,weekday,15,70.64,2025-03-28 16:00:00
86,17,weekday,21,98.58,2025-03-28 17:00:00
86,18,weekday,23,119.04,2025-03-28 18:00:00
86,19,weekday,24,116.34,2025-03-28 19:00:00
86,20,weekday,16,69.25,2025-03-28 20:00:00
86,21,weekday,5,19.18,2025-03-28 21:00:00
86,22,weekday,7,29.68,2025-03-28 22:00:00
86,23,weekday,0,3.23,2025-03-28 23:00:00
87,0,weekend,0,5.54,2025-03-29 00:00:00
87,1,weekend,3,17.11,2025-03-29 01:00:00
87,2,weekend,3,18.06,2025-03-29 02:00:00
87,3,weekend,0,6.76,2025-03-29 03:00:00
87,4,weekend,0,8.62,2025-03-29 04:00:00
87,5,weekend,4,24.55,2025-03-29 05:00:00
87,6,weekend,4,24.48,2025-03-29 06:00:00
87,7,weekend,7,40.26,2025-03-29 07:00:00
87,8,weekend,12,70.52,2025-03-29 08:00:00
87,9,weekend,22,96.95,2025-03-29 09:00:00
87,10,weekend,28,118.85,2025-03-29 10:00:00
87,11,weekend,31,109.25,2025-03-29 11:00:00
87,12,weekend,32,150.55,2025-03-29 12:00:00
87,13,weekend,33,126.67,2025-03-29 13:00:00
87,14,weekend,37,141.85,2025-03-29 14:00:00
87,15,weekend,38,196.59,2025-03-29 15:00:00
87,16,weekend,36,149.19,2025-03-29 16:00:00
87,17,weekend,32,165.75,2025-03-29 17:00:00
87,18,weekend,20,109.23,2025-03-29 18:00:00
87,19,weekend,14,76.41,2025-03-29 19:00:00
87,20,weekend,10,44.46,2025-03-29 20:00:00
87,21,weekend,2,12.39,2025-03-29 21:00:00
87,22,weekend,0,3.16,2025-03-29 22:00:00
87,23,weekend,4,18.74,2025-03-29 23:00:00
88,0,holiday,0,3.6,2025-03-30 00:00:00
88,1,holiday,0,5.67,2025-03-30 01:00:00
88,2,holiday,0,6.9,2025-03-30 02:00:00
88,3,holiday,0,8.33,2025-03-30 03:00:00
88,4,holiday,3,14.87,2025-03-30 04:00:00
88,5,holiday,2,13.59,2025-03-30 05:00:00
88,6,holiday,8,41.86,2025-03-30 06:00:00
88,7,holiday,14,60.16,2025-03-30 07:00:00
88,8,holiday,23,126.36,2025-03-30 08:00:00
88,9,holiday,34,148.07,2025-03-30 09:00:00
88,10,holiday,49,293.92,2025-03-30 10:00:00
88,11,holiday,54,212.05,2025-03-30 11:00:00
88,12,holiday,59,236.03,2025-03-30 12:00:00
88,13,holiday,56,222.53,2025-03-30 13:00:00
88,14,holiday,53,200.06,2025-03-30 14:00:00
88,15,holiday,34,160.05,2025-03-30 15:00:00
88,16,holiday,24,82.4,2025-03-30 16:00:00
88,17,holiday,16,73.63,2025-03-30 17:00:00
88,18,holiday,5,31.84,2025-03-30 18:00:00
88,19,holiday,3,16.45,2025-03-30 19:00:00
88,20,holiday,5,30.09,2025-03-30 20:00:00
88,21,holiday,3,14.48,2025-03-30 21:00:00
88,22,holiday,0,3.04,2025-03-30 22:00:00
88,23,holiday,2,11.95,2025-03-30 23:00:00
89,0,weekend,3,17.59,2025-03-31 00:00:00
89,1,weekend,2,14.1,2025-03-31 01:00:00
89,2,weekend,4,19.59,2025-03-31 02:00:00
89,3,weekend,0,6.52,2025-03-31 03:00:00
89,4,weekend,4,14.71,2025-03-31 04:00:00
89,5,weekend,2,14.56,2025-03-31 05:00:00
89,6,weekend,2,17.56,2025-03-31 06:00:00
89,7,weekend,8,46.58,2025-03-31 07:00:00
89,8,weekend,13,73.18,2025-03-31 08:00:00
89,9,weekend,21,143.9,2025-03-31 09:00:00
89,10,weekend,25,123.76,2025-03-31 10:00:00
89,11,weekend,32,117.89,2025-03-31 11:00:00
89,12,weekend,34,91.6,2025-03-31 12:00:00
89,13,weekend,35,145.49,2025-03-31 13:00:00
89,14,weekend,33,138.88,2025-03-31 14:00:00
89,15,weekend,39,189.56,2025-03-31 15:00:00
89,16,weekend,37,143.14,2025-03-31 16:00:00
89,17,weekend,29,165.31,2025-03-31 17:00:00
89,18,weekend,25,135.89,2025-03-31 18:00:00
89,19,weekend,18,106.73,2025-03-31 19:00:00
89,20,weekend,9,58.79,2025-03-31 20:00:00
89,21,weekend,4,23.08,2025-03-31 21:00:00
89,22,weekend,1,8.3,2025-03-31 22:00:00
89,23,weekend,0,4.81,2025-03-31 23:00:00
